Num,Mark,Date,Year,Month,Run,Sector,Length,Weight,Age,Cohort,Sex,adc,Tag_loss,Fin,Season
1,12115,2006-09-15,2006,9,1,1,145,27.0,1,C05,NA,NA,NA,NA,Autumn
2,12190,2006-09-15,2006,9,1,1,140,25.2,1,C05,NA,NA,NA,NA,Autumn
3,12176,2006-09-15,2006,9,1,1,135,23.8,1,C05,NA,NA,NA,NA,Autumn
4,12178,2006-09-15,2006,9,1,1,147,27.4,1,C05,NA,NA,NA,NA,Autumn
5,12197,2006-09-15,2006,9,1,1,154,33.0,1,C05,NA,1,NA,NA,Autumn
6,12199,2006-09-15,2006,9,1,1,140,25.2,1,C05,NA,NA,NA,NA,Autumn
7,12198,2006-09-15,2006,9,1,1,131,19.6,1,C05,NA,NA,NA,NA,Autumn
8,12168,2006-09-15,2006,9,1,1,207,79.2,3,C03,NA,1,NA,NA,Autumn
9,12167,2006-09-15,2006,9,1,1,304,248.4,6,C00,NA,1,NA,NA,Autumn
10,12131,2006-09-15,2006,9,1,1,212,84.6,3,C03,NA,1,NA,NA,Autumn
11,12127,2006-09-15,2006,9,1,1,148,29.0,1,C05,NA,NA,NA,NA,Autumn
12,12125,2006-09-15,2006,9,1,1,151,30.9,1,C05,NA,NA,NA,NA,Autumn
13,12174,2006-09-15,2006,9,1,1,166,40.7,2,C04,NA,1,NA,NA,Autumn
14,12121,2006-09-15,2006,9,1,1,140,24.4,1,C05,NA,NA,NA,NA,Autumn
15,12129,2006-09-15,2006,9,1,1,164,41.8,2,C04,NA,1,NA,NA,Autumn
16,12123,2006-09-15,2006,9,1,1,140,23.3,1,C05,NA,NA,NA,NA,Autumn
17,12118,2006-09-15,2006,9,1,1,137,23.3,1,C05,NA,1,NA,NA,Autumn
18,12111,2006-09-15,2006,9,1,1,149,30.7,1,C05,NA,1,NA,NA,Autumn
19,12116,2006-09-15,2006,9,1,1,165,36.8,2,C04,NA,NA,NA,NA,Autumn
20,12112,2006-09-15,2006,9,1,1,157,35.9,1,C05,NA,1,NA,NA,Autumn
21,12191,2006-09-15,2006,9,1,1,132,20.4,1,C05,NA,NA,NA,NA,Autumn
22,12102,2006-09-15,2006,9,1,1,129,18.6,1,C05,NA,1,NA,NA,Autumn
23,12100,2006-09-15,2006,9,1,1,130,19.2,1,C05,NA,1,NA,NA,Autumn
24,12106,2006-09-15,2006,9,1,1,129,19.4,1,C05,NA,1,NA,NA,Autumn
25,12113,2006-09-15,2006,9,1,1,129,19.3,1,C05,NA,NA,NA,NA,Autumn
26,12117,2006-09-15,2006,9,1,1,122,17.8,1,C05,NA,NA,NA,NA,Autumn
27,12103,2006-09-15,2006,9,1,1,121,15.7,1,C05,NA,1,NA,NA,Autumn
28,12114,2006-09-15,2006,9,1,1,138,23.6,1,C05,NA,NA,NA,NA,Autumn
29,12107,2006-09-15,2006,9,1,1,117,13.9,1,C05,NA,1,NA,NA,Autumn
30,12104,2006-09-15,2006,9,1,1,116,14.0,1,C05,NA,NA,NA,NA,Autumn
31,12105,2006-09-15,2006,9,1,1,123,18.1,1,C05,NA,NA,NA,NA,Autumn
32,12109,2006-09-15,2006,9,1,1,117,13.4,1,C05,NA,NA,NA,NA,Autumn
33,12101,2006-09-15,2006,9,1,1,118,15.7,1,C05,NA,1,NA,NA,Autumn
34,NA,2006-09-15,2006,9,1,1,109,11.2,1,C05,NA,1,NA,Y2251,Autumn
35,NA,2006-09-15,2006,9,1,1,113,12.6,1,C05,NA,NA,NA,Y2251,Autumn
36,NA,2006-09-15,2006,9,1,1,106,10.5,1,C05,NA,NA,NA,Y2251,Autumn
37,NA,2006-09-15,2006,9,1,1,63,2.2,0,C06,NA,NA,NA,Y2251,Autumn
38,NA,2006-09-15,2006,9,1,1,102,9.5,1,C05,NA,1,NA,Y2251,Autumn
39,NA,2006-09-15,2006,9,1,1,74,3.9,0,C06,NA,NA,NA,Y2251,Autumn
40,NA,2006-09-15,2006,9,1,1,72,3.5,0,C06,NA,NA,NA,Y2251,Autumn
41,NA,2006-09-15,2006,9,1,1,71,3.1,0,C06,NA,NA,NA,Y2251,Autumn
42,NA,2006-09-15,2006,9,1,1,58,1.7,0,C06,NA,NA,NA,Y2251,Autumn
43,NA,2006-09-15,2006,9,1,1,68,3.0,0,C06,NA,NA,NA,Y2251,Autumn
44,NA,2006-09-15,2006,9,1,1,58,1.6,0,C06,NA,NA,NA,Y2251,Autumn
45,NA,2006-09-15,2006,9,1,1,58,1.8,0,C06,NA,NA,NA,Y2251,Autumn
46,NA,2006-09-15,2006,9,1,1,72,3.4,0,C06,NA,NA,NA,Y2251,Autumn
47,12108,2006-09-15,2006,9,1,1,338,368.8,7,C99,NA,1,NA,NA,Autumn
48,12099,2006-09-15,2006,9,1,1,267,166.4,5,C01,NA,1,NA,NA,Autumn
49,12095,2006-09-15,2006,9,1,1,291,275.8,6,C00,NA,1,NA,NA,Autumn
50,12092,2006-09-15,2006,9,1,1,276,194.6,5,C01,NA,NA,NA,NA,Autumn
51,12094,2006-09-15,2006,9,1,1,161,37.8,2,C04,NA,1,NA,NA,Autumn
52,12091,2006-09-15,2006,9,1,1,142,26.6,1,C05,NA,NA,NA,NA,Autumn
53,12177,2006-09-15,2006,9,1,1,269,178.0,5,C01,NA,1,NA,NA,Autumn
54,12173,2006-09-15,2006,9,1,1,139,27.4,1,C05,NA,1,NA,NA,Autumn
55,12179,2006-09-15,2006,9,1,1,333,320.4,7,C99,NA,1,NA,NA,Autumn
56,12093,2006-09-15,2006,9,1,1,156,34.6,2,C04,NA,NA,NA,NA,Autumn
57,12098,2006-09-15,2006,9,1,1,229,118.9,4,C02,NA,1,NA,NA,Autumn
58,12096,2006-09-15,2006,9,1,1,185,56.4,2,C04,NA,1,NA,NA,Autumn
59,12172,2006-09-15,2006,9,1,1,228,110.2,3,C03,NA,NA,NA,NA,Autumn
60,12090,2006-09-15,2006,9,1,1,146,27.5,1,C05,NA,NA,NA,NA,Autumn
61,12087,2006-09-15,2006,9,1,1,167,42.2,2,C04,NA,NA,NA,NA,Autumn
62,12083,2006-09-15,2006,9,1,1,152,31.1,1,C05,NA,NA,NA,NA,Autumn
63,12056,2006-09-15,2006,9,1,1,138,21.6,1,C05,NA,1,NA,NA,Autumn
64,12097,2006-09-15,2006,9,1,1,154,31.5,2,C04,NA,1,NA,NA,Autumn
65,12085,2006-09-15,2006,9,1,1,154,32.0,1,C05,NA,NA,NA,NA,Autumn
66,12082,2006-09-15,2006,9,1,1,138,23.9,1,C05,NA,NA,NA,NA,Autumn
67,12080,2006-09-15,2006,9,1,1,128,18.5,1,C05,NA,NA,NA,NA,Autumn
68,12088,2006-09-15,2006,9,1,1,141,26.2,1,C05,NA,1,NA,NA,Autumn
69,12084,2006-09-15,2006,9,1,1,138,22.8,1,C05,NA,NA,NA,NA,Autumn
70,12089,2006-09-15,2006,9,1,1,137,23.2,1,C05,NA,NA,NA,NA,Autumn
71,12081,2006-09-15,2006,9,1,1,130,20.3,1,C05,NA,1,NA,NA,Autumn
72,12086,2006-09-15,2006,9,1,1,135,21.7,1,C05,NA,1,NA,NA,Autumn
73,12074,2006-09-15,2006,9,1,1,126,18.0,1,C05,NA,NA,NA,NA,Autumn
74,12076,2006-09-15,2006,9,1,1,123,16.7,1,C05,NA,1,NA,NA,Autumn
75,12071,2006-09-15,2006,9,1,1,124,16.2,1,C05,NA,1,NA,NA,Autumn
76,12077,2006-09-15,2006,9,1,1,118,14.4,1,C05,NA,NA,NA,NA,Autumn
77,NA,2006-09-15,2006,9,1,1,106,10.6,1,C05,NA,NA,NA,Y2252,Autumn
78,NA,2006-09-15,2006,9,1,1,110,11.5,1,C05,NA,NA,NA,Y2252,Autumn
79,NA,2006-09-15,2006,9,1,1,105,10.2,1,C05,NA,NA,NA,Y2252,Autumn
80,NA,2006-09-15,2006,9,1,1,62,2.4,0,C06,NA,NA,NA,Y2252,Autumn
81,NA,2006-09-15,2006,9,1,1,70,3.1,0,C06,NA,NA,NA,Y2252,Autumn
82,NA,2006-09-15,2006,9,1,1,68,3.0,0,C06,NA,NA,NA,Y2252,Autumn
83,NA,2006-09-15,2006,9,1,1,72,3.4,0,C06,NA,NA,NA,Y2252,Autumn
84,NA,2006-09-15,2006,9,1,1,78,4.3,0,C06,NA,NA,NA,Y2252,Autumn
85,NA,2006-09-15,2006,9,1,1,72,3.4,0,C06,NA,NA,NA,Y2252,Autumn
86,NA,2006-09-15,2006,9,1,1,55,1.3,0,C06,NA,NA,NA,Y2252,Autumn
87,NA,2006-09-15,2006,9,1,1,61,1.9,0,C06,NA,NA,NA,Y2252,Autumn
88,NA,2006-09-15,2006,9,1,1,60,1.8,0,C06,NA,NA,NA,Y2252,Autumn
89,NA,2006-09-15,2006,9,1,1,56,1.5,0,C06,NA,NA,NA,Y2252,Autumn
90,NA,2006-09-15,2006,9,1,1,65,2.4,0,C06,NA,NA,NA,Y2252 DEAD,Autumn
91,NA,2006-09-15,2006,9,1,1,145,29.3,1,C05,NA,NA,NA,DEAD,Autumn
92,12070,2006-09-15,2006,9,2,1,150,32.3,1,C05,NA,1,NA,NA,Autumn
93,12072,2006-09-15,2006,9,2,1,180,56.4,3,C03,NA,NA,NA,NA,Autumn
94,12078,2006-09-15,2006,9,2,1,301,254.0,6,C00,NA,1,NA,NA,Autumn
95,12073,2006-09-15,2006,9,2,1,138,24.2,1,C05,NA,NA,NA,NA,Autumn
96,12079,2006-09-15,2006,9,2,1,151,32.3,1,C05,NA,1,NA,NA,Autumn
97,12064,2006-09-15,2006,9,2,1,142,25.3,1,C05,NA,NA,NA,NA,Autumn
98,12060,2006-09-15,2006,9,2,1,127,18.4,1,C05,NA,NA,NA,NA,Autumn
99,12061,2006-09-15,2006,9,2,1,126,17.0,1,C05,NA,1,NA,NA,Autumn
100,NA,2006-09-15,2006,9,2,1,57,1.3,0,C06,NA,NA,NA,Y2252,Autumn
101,NA,2006-09-15,2006,9,2,1,63,2.4,0,C06,NA,NA,NA,Y2252,Autumn
102,12044,2007-06-15,2007,6,1,1,198,77.0,3,C04,NA,1,NA,NA,Spring
103,12114,2007-06-15,2007,6,1,1,161,36.6,2,C05,NA,NA,NA,NA,Spring
104,12011,2007-06-15,2007,6,1,1,318,282.0,7,C00,NA,1,NA,NA,Spring
105,12131,2007-06-15,2007,6,1,1,240,124.7,4,C03,NA,NA,NA,NA,Spring
106,12015,2007-06-15,2007,6,1,1,220,104.1,3,C04,NA,NA,NA,NA,Spring
107,12191,2007-06-15,2007,6,1,1,162,38.9,2,C05,NA,NA,NA,NA,Spring
108,12028,2007-06-15,2007,6,1,1,194,68.9,2,C05,NA,NA,NA,NA,Spring
109,12129,2007-06-15,2007,6,1,1,193,70.5,3,C04,NA,NA,NA,NA,Spring
110,12024,2007-06-15,2007,6,1,1,171,47.6,2,C05,NA,1,NA,NA,Spring
111,12179,2007-06-15,2007,6,1,1,335,328.1,8,C99,NA,NA,NA,NA,Spring
112,12012,2007-06-15,2007,6,1,1,141,26.4,2,C05,NA,1,NA,NA,Spring
113,12090,2007-06-15,2007,6,1,1,200,73.4,2,C05,NA,NA,NA,NA,Spring
114,12174,2007-06-15,2007,6,1,1,198,74.2,3,C04,NA,NA,NA,NA,Spring
115,12057,2007-06-15,2007,6,1,1,140,24.3,2,C05,NA,1,NA,NA,Spring
116,12168,2007-06-15,2007,6,1,1,235,131.5,4,C03,NA,NA,NA,NA,Spring
117,12100,2007-06-15,2007,6,1,1,147,28.2,2,C05,NA,NA,NA,NA,Spring
118,12039,2007-06-15,2007,6,1,1,163,42.4,2,C05,NA,1,1,NA,Spring
119,12042,2007-06-15,2007,6,1,1,131,20.1,1,C06,NA,1,NA,NA,Spring
120,12109,2007-06-15,2007,6,1,1,135,22.1,2,C05,NA,NA,NA,NA,Spring
121,12127,2007-06-15,2007,6,1,1,185,65.0,2,C05,NA,NA,NA,NA,Spring
122,12178,2007-06-15,2007,6,1,1,190,62.8,2,C05,NA,NA,NA,NA,Spring
123,12101,2007-06-15,2007,6,1,1,138,23.6,2,C05,NA,NA,NA,NA,Spring
124,12083,2007-06-15,2007,6,1,1,174,46.2,2,C05,NA,NA,NA,NA,Spring
125,12082,2007-06-15,2007,6,1,1,172,49.0,2,C05,NA,NA,NA,NA,Spring
126,12014,2007-06-15,2007,6,1,1,158,35.8,2,C05,NA,1,NA,NA,Spring
127,12102,2007-06-15,2007,6,1,1,144,27.8,2,C05,NA,NA,NA,NA,Spring
128,12010,2007-06-15,2007,6,1,1,172,50.8,2,C05,NA,1,NA,NA,Spring
129,12105,2007-06-15,2007,6,1,1,147,29.9,2,C05,NA,NA,NA,NA,Spring
130,12113,2007-06-15,2007,6,1,1,157,33.6,2,C05,NA,NA,NA,NA,Spring
131,12107,2007-06-15,2007,6,1,1,130,19.8,2,C05,NA,NA,NA,NA,Spring
132,12074,2007-06-15,2007,6,1,1,153,33.2,2,C05,NA,NA,NA,NA,Spring
133,NA,2007-06-15,2007,6,1,1,112,13.5,1,C06,NA,1,NA,NA,Spring
134,NA,2007-06-15,2007,6,1,1,98,9.8,1,C06,NA,NA,NA,NA,Spring
135,NA,2007-06-15,2007,6,1,1,114,15.3,1,C06,NA,1,NA,NA,Spring
136,NA,2007-06-15,2007,6,1,1,100,9.8,1,C06,NA,1,NA,NA,Spring
137,NA,2007-06-15,2007,6,1,1,97,9.4,1,C06,NA,NA,NA,NA,Spring
138,NA,2007-06-15,2007,6,1,1,92,7.3,1,C06,NA,NA,NA,NA,Spring
139,NA,2007-06-15,2007,6,1,1,106,11.7,1,C06,NA,NA,NA,NA,Spring
140,NA,2007-06-15,2007,6,1,1,104,11.2,1,C06,NA,NA,NA,NA,Spring
141,12078,2007-06-15,2007,6,1,1,307,272.2,7,C00,NA,NA,NA,NA,Spring
142,12005,2007-06-15,2007,6,1,1,178,51.0,2,C05,NA,1,NA,NA,Spring
143,12099,2007-06-15,2007,6,1,1,269,157.6,6,C01,NA,NA,NA,NA,Spring
144,12018,2007-06-15,2007,6,1,1,201,74.6,2,C05,NA,1,NA,NA,Spring
145,12087,2007-06-15,2007,6,1,1,187,59.9,3,C04,NA,NA,NA,NA,Spring
146,12008,2007-06-15,2007,6,1,1,261,154.3,6,C01,NA,NA,NA,NA,Spring
147,633,2007-06-15,2007,6,1,1,293,245.6,5,C02,NA,NA,NA,NA,Spring
148,12095,2007-06-15,2007,6,1,1,288,200.1,7,C00,NA,NA,NA,NA,Spring
149,12093,2007-06-15,2007,6,1,1,184,58.4,3,C04,NA,NA,NA,NA,Spring
150,12009,2007-06-15,2007,6,1,1,183,54.2,2,C05,NA,NA,NA,NA,Spring
151,12016,2007-06-15,2007,6,1,1,134,23.3,1,C06,NA,NA,NA,NA,Spring
152,12004,2007-06-15,2007,6,1,1,142,26.9,1,C06,NA,1,NA,NA,Spring
153,12085,2007-06-15,2007,6,1,1,183,55.2,2,C05,NA,NA,NA,NA,Spring
154,12041,2007-06-15,2007,6,1,1,159,36.0,2,C05,NA,NA,NA,NA,Spring
155,12077,2007-06-15,2007,6,1,1,142,27.1,2,C05,NA,NA,NA,NA,Spring
156,12001,2007-06-15,2007,6,1,1,186,60.2,2,C05,NA,NA,NA,NA,Spring
157,12097,2007-06-15,2007,6,1,1,182,55.4,3,C04,NA,NA,NA,NA,Spring
158,12003,2007-06-15,2007,6,1,1,169,42.3,2,C05,NA,NA,NA,NA,Spring
159,12086,2007-06-15,2007,6,1,1,176,51.6,2,C05,NA,NA,NA,NA,Spring
160,12002,2007-06-15,2007,6,1,1,167,41.9,2,C05,NA,NA,NA,NA,Spring
161,12060,2007-06-15,2007,6,1,1,156,34.2,2,C05,NA,NA,NA,NA,Spring
162,12075,2007-06-15,2007,6,1,1,137,24.3,2,C05,NA,NA,NA,NA,Spring
163,12073,2007-06-15,2007,6,1,1,160,37.9,2,C05,NA,NA,NA,NA,Spring
164,12033,2007-06-15,2007,6,1,1,147,28.6,2,C05,NA,NA,NA,NA,Spring
165,12069,2007-06-15,2007,6,1,1,118,16.3,1,C06,NA,1,NA,NA,Spring
166,NA,2007-06-15,2007,6,1,1,102,10.1,1,C06,NA,NA,NA,NA,Spring
167,NA,2007-06-15,2007,6,1,1,100,9.6,1,C06,NA,NA,NA,NA,Spring
168,NA,2007-06-15,2007,6,1,1,98,8.9,1,C06,NA,1,NA,NA,Spring
169,NA,2007-06-15,2007,6,1,1,99,9.0,1,C06,NA,1,NA,NA,Spring
170,NA,2007-06-15,2007,6,1,1,110,13.1,1,C06,NA,NA,NA,NA,Spring
171,12079,2007-06-15,2007,6,2,1,186,63.1,2,C05,NA,NA,NA,NA,Spring
172,12106,2007-06-15,2007,6,2,1,155,35.5,2,C05,NA,NA,NA,NA,Spring
173,12116,2007-06-15,2007,6,2,1,200,70.7,3,C04,NA,NA,NA,NA,Spring
174,NA,2007-06-15,2007,6,2,1,113,14.3,1,C06,NA,NA,NA,NA,Spring
175,NA,2007-06-15,2007,6,2,1,99,9.2,1,C06,NA,NA,NA,NA,Spring
176,NA,2007-06-15,2007,6,2,1,103,10.6,1,C06,NA,NA,NA,NA,Spring
177,12997,2007-09-12,2007,9,1,1,170,48.5,2,C05,NA,NA,NA,NA,Autumn
178,12102,2007-09-12,2007,9,1,1,159,36.0,2,C05,NA,NA,NA,NA,Autumn
179,12028,2007-09-12,2007,9,1,1,203,77.1,2,C05,NA,NA,NA,NA,Autumn
180,12996,2007-09-12,2007,9,1,1,182,53.4,2,C05,NA,1,NA,NA,Autumn
181,12176,2007-09-12,2007,9,1,1,171,46.5,2,C05,NA,NA,NA,NA,Autumn
182,12899,2007-09-12,2007,9,1,1,133,20.9,1,C06,NA,1,NA,NA,Autumn
183,12011,2007-09-12,2007,9,1,1,319,284.8,7,C00,NA,NA,NA,NA,Autumn
185,12892,2007-09-12,2007,9,1,1,123,15.5,1,C06,NA,1,NA,NA,Autumn
186,12838,2007-09-12,2007,9,1,1,179,54.9,2,C05,NA,1,NA,NA,Autumn
187,12168,2007-09-12,2007,9,1,1,239,127.6,4,C03,NA,NA,NA,NA,Autumn
188,12167,2007-09-12,2007,9,1,1,305,232.5,7,C00,NA,NA,NA,NA,Autumn
189,12106,2007-09-12,2007,9,1,1,167,41.3,2,C05,NA,NA,NA,NA,Autumn
190,12174,2007-09-12,2007,9,1,1,210,85.1,3,C04,NA,NA,NA,NA,Autumn
191,12113,2007-09-12,2007,9,1,1,168,41.1,2,C05,NA,NA,NA,NA,Autumn
192,12127,2007-09-12,2007,9,1,1,196,68.2,2,C05,NA,NA,NA,NA,Autumn
193,12131,2007-09-12,2007,9,1,1,247,134.2,4,C03,NA,NA,NA,NA,Autumn
194,12829,2007-09-12,2007,9,1,1,183,52.3,2,C05,NA,1,NA,NA,Autumn
195,12129,2007-09-12,2007,9,1,1,205,77.2,3,C04,NA,NA,NA,NA,Autumn
196,12109,2007-09-12,2007,9,1,1,142,25.8,2,C05,NA,NA,NA,NA,Autumn
197,12071,2007-09-12,2007,9,1,1,171,42.5,2,C05,NA,NA,NA,NA,Autumn
198,12881,2007-09-12,2007,9,1,1,118,14.8,1,C06,NA,1,NA,NA,Autumn
199,12893,2007-09-12,2007,9,1,1,125,17.6,1,C06,NA,NA,NA,NA,Autumn
200,12057,2007-09-12,2007,9,1,1,146,27.2,2,C05,NA,NA,NA,NA,Autumn
201,12887,2007-09-12,2007,9,1,1,154,32.4,2,C05,NA,1,NA,NA,Autumn
202,12014,2007-09-12,2007,9,1,1,164,38.6,2,C05,NA,NA,NA,NA,Autumn
203,NA,2007-09-12,2007,9,1,1,113,12.6,1,C06,NA,NA,NA,Y2535,Autumn
204,NA,2007-09-12,2007,9,1,1,112,13.5,1,C06,NA,NA,NA,Y2535,Autumn
205,NA,2007-09-12,2007,9,1,1,75,3.8,0,C07,NA,NA,NA,Y2535,Autumn
206,NA,2007-09-12,2007,9,1,1,77,3.9,0,C07,NA,NA,NA,Y2535,Autumn
207,NA,2007-09-12,2007,9,1,1,64,2.4,0,C07,NA,NA,NA,Y2535,Autumn
208,NA,2007-09-12,2007,9,1,1,82,5.0,0,C07,NA,NA,NA,Y2535,Autumn
209,NA,2007-09-12,2007,9,1,1,84,5.5,0,C07,NA,NA,NA,Y2535,Autumn
210,NA,2007-09-12,2007,9,1,1,68,2.8,0,C07,NA,NA,NA,Y2535,Autumn
211,12095,2007-09-12,2007,9,1,1,293,214.8,7,C00,NA,NA,NA,NA,Autumn
212,12087,2007-09-12,2007,9,1,1,209,81.9,3,C04,NA,NA,NA,NA,Autumn
213,12885,2007-09-12,2007,9,1,1,202,75.5,4,C03,NA,NA,NA,NA,Autumn
214,12008,2007-09-12,2007,9,1,1,262,153.7,6,C01,NA,NA,NA,NA,Autumn
215,12018,2007-09-12,2007,9,1,1,207,80.9,2,C05,NA,NA,NA,NA,Autumn
216,12889,2007-09-12,2007,9,1,1,157,30.9,2,C05,NA,NA,NA,NA,Autumn
217,12086,2007-09-12,2007,9,1,1,187,57.8,2,C05,NA,NA,NA,NA,Autumn
218,12884,2007-09-12,2007,9,1,1,188,58.8,3,C04,NA,1,NA,NA,Autumn
219,12177,2007-09-12,2007,9,1,1,276,189.8,6,C01,NA,NA,NA,NA,Autumn
220,12880,2007-09-12,2007,9,1,1,123,16.7,1,C06,NA,1,NA,NA,Autumn
221,12033,2007-09-12,2007,9,1,1,151,31.3,2,C05,NA,NA,NA,NA,Autumn
222,12093,2007-09-12,2007,9,1,1,191,66.9,3,C04,NA,NA,NA,NA,Autumn
223,12069,2007-09-12,2007,9,1,1,133,20.6,1,C06,NA,NA,NA,NA,Autumn
224,12886,2007-09-12,2007,9,1,1,152,30.1,2,C05,NA,NA,NA,NA,Autumn
225,12085,2007-09-12,2007,9,1,1,186,54.3,2,C05,NA,NA,NA,NA,Autumn
226,12882,2007-09-12,2007,9,1,1,163,38.6,2,C05,NA,NA,NA,NA,Autumn
227,12116,2007-09-12,2007,9,1,1,205,72.2,3,C04,NA,NA,NA,NA,Autumn
228,12060,2007-09-12,2007,9,1,1,165,40.6,2,C05,NA,NA,NA,NA,Autumn
229,12004,2007-09-12,2007,9,1,1,146,28.2,1,C06,NA,NA,NA,NA,Autumn
230,12039,2007-09-12,2007,9,1,1,168,47.4,2,C05,NA,NA,NA,NA,Autumn
231,12097,2007-09-12,2007,9,1,1,193,62.0,3,C04,NA,NA,NA,NA,Autumn
232,12077,2007-09-12,2007,9,1,1,150,30.1,2,C05,NA,NA,NA,NA,Autumn
233,12002,2007-09-12,2007,9,1,1,178,49.7,2,C05,NA,NA,NA,NA,Autumn
234,NA,2007-09-12,2007,9,1,1,70,3.0,0,C07,NA,NA,NA,Y2536,Autumn
235,NA,2007-09-12,2007,9,1,1,90,6.7,0,C07,NA,NA,NA,Y2536,Autumn
236,NA,2007-09-12,2007,9,1,1,77,3.9,0,C07,NA,NA,NA,Y2536,Autumn
237,NA,2007-09-12,2007,9,1,1,76,4.0,0,C07,NA,NA,NA,Y2536,Autumn
238,NA,2007-09-12,2007,9,1,1,78,4.2,0,C07,NA,NA,NA,Y2536,Autumn
239,NA,2007-09-12,2007,9,1,1,85,5.4,0,C07,NA,NA,NA,Y2536,Autumn
240,NA,2007-09-12,2007,9,1,1,70,3.2,0,C07,NA,NA,NA,Y2536,Autumn
241,NA,2007-09-12,2007,9,1,1,52,1.3,0,C07,NA,NA,NA,Y2536,Autumn
242,NA,2007-09-12,2007,9,1,1,63,2.2,0,C07,NA,NA,NA,Y2536,Autumn
243,NA,2007-09-12,2007,9,1,1,53,1.2,0,C07,NA,NA,NA,Y2536,Autumn
244,NA,2007-09-12,2007,9,1,1,72,3.5,0,C07,NA,NA,NA,Y2536,Autumn
245,12079,2007-09-12,2007,9,2,1,200,72.3,2,C05,NA,NA,NA,NA,Autumn
246,12012,2007-09-12,2007,9,2,1,146,27.7,2,C05,NA,NA,NA,NA,Autumn
247,12883,2007-09-12,2007,9,2,1,171,45.6,2,C05,NA,NA,NA,NA,Autumn
248,12005,2007-09-12,2007,9,2,1,181,51.2,2,C05,NA,NA,NA,NA,Autumn
249,12015,2007-09-12,2007,9,2,1,229,115.7,3,C04,NA,NA,NA,NA,Autumn
250,12178,2007-09-12,2007,9,2,1,202,72.3,2,C05,NA,NA,NA,NA,Autumn
251,12876,2007-09-12,2007,9,2,1,132,21.2,1,C06,NA,1,NA,NA,Autumn
252,12878,2007-09-12,2007,9,2,1,116,13.9,1,C06,NA,1,NA,NA,Autumn
253,12870,2007-09-12,2007,9,2,1,118,14.2,1,C06,NA,1,NA,NA,Autumn
254,12083,2007-09-12,2007,9,2,1,176,48.0,2,C05,NA,NA,NA,NA,Autumn
255,NA,2007-09-12,2007,9,2,1,109,12.1,1,C06,NA,1,NA,Y2537,Autumn
256,NA,2007-09-12,2007,9,2,1,63,2.0,0,C07,NA,NA,NA,Y2537,Autumn
257,NA,2007-09-12,2007,9,2,1,73,3.5,0,C07,NA,NA,NA,Y2537,Autumn
258,NA,2007-09-12,2007,9,2,1,82,4.9,0,C07,NA,NA,NA,Y2537,Autumn
259,633,2007-09-12,2007,9,1,1,293,252.9,5,C02,NA,NA,NA,NA,Autumn
260,13269,2008-06-27,2008,6,1,1,157,37.7,1,C07,NA,1,NA,NA,Spring
261,12198,2008-06-27,2008,6,1,1,208,96.0,3,C05,NA,NA,NA,NA,Spring
262,12117,2008-06-27,2008,6,1,1,199,82.2,3,C05,NA,NA,NA,NA,Spring
265,11078,2008-09-16,2008,9,1,1,161,41.7,1,C07,NA,NA,NA,NA,Autumn
266,11092,2008-09-16,2008,9,1,B,165,49.0,1,C07,NA,NA,NA,NA,Autumn
268,11096,2008-09-16,2008,9,1,C,249,169.1,2,C06,m,NA,NA,NA,Autumn
269,12117,2008-09-16,2008,9,1,C,232,134.5,3,C05,NA,NA,NA,NA,Autumn
270,NA,2008-09-16,2008,9,1,C,99,8.9,0,C08,NA,NA,NA,Y1,Autumn
271,11089,2008-09-16,2008,9,1,C,225,126.6,2,C06,NA,NA,NA,NA,Autumn
272,11093,2008-09-16,2008,9,1,D,264,195.3,2,C06,NA,NA,NA,NA,Autumn
273,12198,2008-09-16,2008,9,1,D,225,114.9,3,C05,NA,NA,NA,NA,Autumn
274,11091,2008-09-16,2008,9,1,D,258,186.7,3,C05,NA,NA,NA,NA,Autumn
275,11099,2008-09-16,2008,9,1,D,265,201.5,3,C05,NA,NA,NA,NA,Autumn
276,11094,2008-09-16,2008,9,2,D,180,67.1,1,C07,m,NA,NA,NA,Autumn
277,11097,2008-09-16,2008,9,1,E,175,55.7,1,C07,NA,NA,NA,NA,Autumn
278,11090,2008-09-16,2008,9,1,E,130,22.2,1,C07,NA,NA,NA,NA,Autumn
279,11057,2008-09-16,2008,9,1,2,251,175.4,3,C05,NA,NA,NA,NA,Autumn
280,11083,2008-09-16,2008,9,1,2,180,62.0,1,C07,NA,NA,NA,NA,Autumn
281,11085,2008-09-16,2008,9,1,2,248,162.9,2,C06,NA,NA,NA,NA,Autumn
282,13173,2008-09-16,2008,9,1,2,228,114.9,2,C06,NA,NA,NA,NA,Autumn
283,13195,2008-06-27,2008,6,1,2,345,441.0,5,C03,NA,1,NA,NA,Spring
284,13173,2008-06-27,2008,6,1,2,179,60.3,2,C06,NA,NA,NA,NA,Spring
285,11090,2009-06-09,2009,6,1,1,207,89.0,2,C07,NA,NA,NA,NA,Spring
287,11096,2009-06-09,2009,6,1,1,277,241.0,3,C06,m,NA,NA,NA,Spring
288,13269,2009-06-09,2009,6,2,1,256,175.0,2,C07,NA,NA,NA,NA,Spring
289,11104,2009-06-09,2009,6,1,B,170,47.0,1,C08,NA,1,NA,NA,Spring
291,11099,2009-06-09,2009,6,1,B,290,250.0,4,C05,NA,NA,NA,NA,Spring
292,11078,2009-06-09,2009,6,1,B,210,95.0,2,C07,NA,NA,NA,NA,Spring
293,11132,2009-06-09,2009,6,1,C,147,34.0,1,C08,NA,NA,NA,NA,Spring
294,12117,2009-06-09,2009,6,1,C,244,156.0,4,C05,NA,NA,NA,NA,Spring
295,11092,2009-06-09,2009,6,1,C,210,97.0,2,C07,NA,NA,NA,NA,Spring
296,11165,2009-06-09,2009,6,1,D,283,243.0,3,C06,NA,NA,NA,NA,Spring
297,11094,2009-06-09,2009,6,1,D,216,107.0,2,C07,m,NA,NA,NA,Spring
298,11057,2009-06-09,2009,6,1,D,286,232.0,4,C05,NA,NA,NA,NA,Spring
299,11091,2009-06-09,2009,6,1,D,264,178.0,4,C05,NA,NA,NA,NA,Spring
300,11089,2009-06-09,2009,6,1,D,262,184.0,3,C06,NA,NA,NA,NA,Spring
301,11097,2009-06-09,2009,6,1,E,226,120.0,2,C07,NA,NA,NA,NA,Spring
302,11083,2009-06-09,2009,6,1,E,235,132.0,2,C07,NA,NA,NA,NA,Spring
303,11117,2009-06-09,2009,6,1,2,303,262.0,4,C05,NA,NA,NA,NA,Spring
304,13173,2009-06-09,2009,6,1,2,276,239.0,3,C06,NA,NA,NA,NA,Spring
305,11093,2009-06-09,2009,6,1,2,282,227.0,3,C06,NA,NA,NA,NA,Spring
306,11103,2009-06-09,2009,6,1,2,159,40.0,1,C08,NA,NA,NA,NA,Spring
307,17868,2009-09-14,2009,9,1,1,186,66.0,1,C08,NA,NA,NA,NA,Autumn
308,11096,2009-09-14,2009,9,1,1,297,259.0,3,C06,m,NA,NA,NA,Autumn
309,11091,2009-09-14,2009,9,1,B,272,209.0,4,C05,NA,NA,NA,NA,Autumn
310,17775,2009-09-14,2009,9,1,C,370,540.0,5,C04,m,NA,NA,NA,Autumn
311,11092,2009-09-14,2009,9,1,C,240,145.0,2,C07,NA,NA,NA,NA,Autumn
312,11094,2009-09-14,2009,9,1,D,239,141.0,2,C07,m,NA,NA,NA,Autumn
314,17868,2010-06-22,2010,6,1,1,244,156.0,2,C08,NA,NA,NA,NA,Spring
315,11092,2010-06-22,2010,6,1,B,281,235.0,3,C07,NA,NA,NA,NA,Spring
316,13269,2010-06-22,2010,6,1,C,300,268.0,3,C07,f,NA,NA,NA,Spring
317,11094,2010-06-22,2010,6,1,D,273,218.0,3,C07,NA,NA,NA,NA,Spring
318,17775,2010-06-22,2010,6,1,D,379,598.0,6,C04,m,NA,NA,NA,Spring
319,11094,2010-09-23,2010,9,1,C,292,278.0,3,C07,NA,NA,NA,NA,Autumn
320,13269,2010-09-23,2010,9,1,C,313,318.0,3,C07,NA,NA,NA,NA,Autumn
321,11092,2010-09-23,2010,9,1,C,300,291.0,3,C07,NA,NA,NA,NA,Autumn
322,11688,2011-06-27,2011,6,1,B,159,42.0,1,C10,NA,NA,NA,NA,Spring
323,11631,2011-06-27,2011,6,1,B,190,72.0,1,C10,NA,NA,NA,NA,Spring
324,11688,2011-06-27,2011,6,1,B,162,44.0,1,C10,NA,NA,NA,NA,Spring
325,11679,2011-06-27,2011,6,1,B,181,69.0,1,C10,NA,NA,NA,NA,Spring
326,11092,2011-06-27,2011,6,1,B,321,362.0,4,C07,NA,NA,NA,NA,Spring
327,11670,2011-06-27,2011,6,2,B,181,67.0,1,C10,NA,NA,NA,NA,Spring
328,11674,2011-06-27,2011,6,1,C,181,67.0,1,C10,NA,NA,NA,NA,Spring
329,13269,2011-06-27,2011,6,1,C,338,397.0,4,C07,NA,NA,NA,NA,Spring
330,11696,2011-06-27,2011,6,1,C,162,44.0,1,C10,NA,NA,NA,NA,Spring
331,11678,2011-06-27,2011,6,1,C,186,67.0,1,C10,NA,NA,NA,NA,Spring
332,11672,2011-06-27,2011,6,1,C,163,47.0,1,C10,NA,NA,NA,NA,Spring
333,11671,2011-06-27,2011,6,1,C,141,28.0,1,C10,NA,NA,NA,NA,Spring
334,NA,2011-06-27,2011,6,1,C,52,1.3,0,C11,NA,NA,NA,NA,Spring
335,NA,2011-06-27,2011,6,1,C,53,1.3,0,C11,NA,NA,NA,NA,Spring
336,NA,2011-06-27,2011,6,1,C,54,1.3,0,C11,NA,NA,NA,NA,Spring
337,11677,2011-06-27,2011,6,2,C,182,68.0,1,C10,NA,NA,NA,NA,Spring
338,NA,2011-06-27,2011,6,2,C,50,1.1,0,C11,NA,NA,NA,NA,Spring
339,NA,2011-06-27,2011,6,2,C,53,1.5,0,C11,NA,NA,NA,NA,Spring
340,11698,2011-06-27,2011,6,1,D,189,74.0,1,C10,NA,NA,NA,NA,Spring
341,11693,2011-06-27,2011,6,1,D,179,61.0,1,C10,NA,NA,NA,NA,Spring
342,11661,2011-06-27,2011,6,1,D,163,46.0,1,C10,NA,NA,NA,NA,Spring
343,11690,2011-06-27,2011,6,1,D,157,38.0,1,C10,NA,NA,NA,NA,Spring
344,11676,2011-06-27,2011,6,1,2,408,772.0,6,C05,NA,1,NA,NA,Spring
345,NA,2011-09-07,2011,9,1,A,98,9.9,0,C11,NA,NA,NA,G2231,Autumn
346,NA,2011-09-07,2011,9,1,1,85,6.6,0,C11,NA,NA,NA,G2208,Autumn
347,NA,2011-09-07,2011,9,1,1,99,9.2,0,C11,NA,NA,NA,G1831,Autumn
348,NA,2011-09-07,2011,9,1,B,96,8.6,0,C11,NA,NA,NA,G2167,Autumn
349,NA,2011-09-07,2011,9,1,B,87,6.1,0,C11,NA,NA,NA,G1949,Autumn
350,NA,2011-09-07,2011,9,1,B,109,12.8,0,C11,NA,NA,NA,G2145,Autumn
351,NA,2011-09-07,2011,9,1,B,102,10.6,0,C11,NA,NA,NA,G2222,Autumn
352,NA,2011-09-07,2011,9,1,B,95,8.1,0,C11,NA,NA,NA,G2175,Autumn
353,NA,2011-09-07,2011,9,1,B,96,8.2,0,C11,NA,NA,NA,G1887,Autumn
354,NA,2011-09-07,2011,9,1,B,92,7.6,0,C11,NA,NA,NA,G2092,Autumn
355,NA,2011-09-07,2011,9,1,B,95,8.3,0,C11,NA,NA,NA,G2153,Autumn
356,NA,2011-09-07,2011,9,1,B,92,7.5,0,C11,NA,NA,NA,G2202,Autumn
357,11674,2011-09-07,2011,9,1,C,212,105.0,1,C10,NA,NA,NA,NA,Autumn
358,11631,2011-09-07,2011,9,1,C,218,117.0,1,C10,NA,NA,NA,NA,Autumn
359,NA,2011-09-07,2011,9,1,C,82,4.9,0,C11,NA,NA,NA,G2062,Autumn
360,NA,2011-09-07,2011,9,1,C,86,6.0,0,C11,NA,NA,NA,G2194,Autumn
361,NA,2011-09-07,2011,9,1,C,98,8.8,0,C11,NA,NA,NA,G2091,Autumn
362,NA,2011-09-07,2011,9,1,C,91,7.3,0,C11,NA,NA,NA,G2170,Autumn
363,NA,2011-09-07,2011,9,1,C,89,6.4,0,C11,NA,NA,NA,G2138,Autumn
364,NA,2011-09-07,2011,9,1,C,73,3.8,0,C11,NA,NA,NA,G2077,Autumn
365,NA,2011-09-07,2011,9,1,C,98,9.1,0,C11,NA,NA,NA,G2205,Autumn
366,NA,2011-09-07,2011,9,1,C,94,7.8,0,C11,NA,NA,NA,G2118,Autumn
367,NA,2011-09-07,2011,9,1,C,78,4.5,0,C11,NA,NA,NA,G1955,Autumn
368,NA,2011-09-07,2011,9,1,C,94,7.2,0,C11,NA,NA,NA,G1865,Autumn
369,NA,2011-09-07,2011,9,1,C,84,5.6,0,C11,NA,NA,NA,G2140,Autumn
370,NA,2011-09-07,2011,9,1,C,90,7.3,0,C11,NA,NA,NA,G2069,Autumn
371,NA,2011-09-07,2011,9,1,C,82,5.5,0,C11,NA,NA,NA,G2097,Autumn
372,NA,2011-09-07,2011,9,1,C,88,6.7,0,C11,NA,NA,NA,G1856,Autumn
373,NA,2011-09-07,2011,9,1,C,81,5.0,0,C11,NA,NA,NA,G2211,Autumn
374,NA,2011-09-07,2011,9,1,C,98,8.6,0,C11,NA,NA,NA,G2220,Autumn
375,NA,2011-09-07,2011,9,1,C,87,5.4,0,C11,NA,NA,NA,G1974,Autumn
376,NA,2011-09-07,2011,9,1,C,85,5.6,0,C11,NA,NA,NA,G2112,Autumn
377,NA,2011-09-07,2011,9,1,C,86,6.1,0,C11,NA,NA,NA,G2165,Autumn
378,NA,2011-09-07,2011,9,1,C,106,10.9,0,C11,NA,NA,NA,G2209,Autumn
379,NA,2011-09-07,2011,9,1,C,82,5.1,0,C11,NA,NA,NA,G2127,Autumn
380,NA,2011-09-07,2011,9,1,C,88,6.4,0,C11,NA,NA,NA,G2168,Autumn
381,NA,2011-09-07,2011,9,1,C,78,7.4,0,C11,NA,NA,NA,G2151,Autumn
382,NA,2011-09-07,2011,9,1,C,87,5.6,0,C11,NA,NA,NA,G2082,Autumn
383,NA,2011-09-07,2011,9,1,C,94,8.5,0,C11,NA,NA,NA,G1908,Autumn
384,NA,2011-09-07,2011,9,1,C,79,4.7,0,C11,NA,NA,NA,G1905,Autumn
385,NA,2011-09-07,2011,9,1,C,91,7.5,0,C11,NA,NA,NA,G2121,Autumn
386,NA,2011-09-07,2011,9,1,C,89,6.6,0,C11,NA,NA,NA,G2148,Autumn
387,NA,2011-09-07,2011,9,1,C,84,5.4,0,C11,NA,NA,NA,G2105,Autumn
388,NA,2011-09-07,2011,9,1,C,92,8.3,0,C11,NA,NA,NA,G1763,Autumn
389,NA,2011-09-07,2011,9,1,C,90,6.9,0,C11,NA,NA,NA,G1940,Autumn
390,NA,2011-09-07,2011,9,1,C,83,5.3,0,C11,NA,NA,NA,G1942,Autumn
391,NA,2011-09-07,2011,9,1,C,88,6.3,0,C11,NA,NA,NA,G2185,Autumn
392,NA,2011-09-07,2011,9,1,C,96,9.2,0,C11,NA,NA,NA,G2199,Autumn
393,NA,2011-09-07,2011,9,1,C,94,8.2,0,C11,NA,NA,NA,G2200,Autumn
394,NA,2011-09-07,2011,9,1,C,96,8.4,0,C11,NA,NA,NA,G2206,Autumn
395,NA,2011-09-07,2011,9,1,C,82,5.0,0,C11,NA,NA,NA,G2039,Autumn
396,13269,2011-09-07,2011,9,1,C,346,455.0,4,C07,f,NA,NA,NA,Autumn
397,11671,2011-09-07,2011,9,2,C,165,41.0,1,C10,NA,NA,NA,NA,Autumn
398,NA,2011-09-07,2011,9,2,C,95,7.5,0,C11,NA,NA,NA,G2143,Autumn
399,NA,2011-09-07,2011,9,2,C,86,5.9,0,C11,NA,NA,NA,G2111,Autumn
400,NA,2011-09-07,2011,9,2,C,80,4.9,0,C11,NA,NA,NA,G2207,Autumn
401,NA,2011-09-07,2011,9,2,C,93,8.1,0,C11,NA,NA,NA,G2093,Autumn
402,NA,2011-09-07,2011,9,2,C,81,5.5,0,C11,NA,NA,NA,G1914,Autumn
403,NA,2011-09-07,2011,9,1,D,88,6.7,0,C11,NA,NA,NA,G1946,Autumn
404,NA,2011-09-07,2011,9,1,D,85,6.3,0,C11,NA,NA,NA,G2081,Autumn
405,NA,2011-09-07,2011,9,1,D,102,10.0,0,C11,NA,NA,NA,G2057,Autumn
406,NA,2011-09-07,2011,9,1,D,95,8.5,0,C11,NA,NA,NA,G2201,Autumn
407,NA,2011-09-07,2011,9,1,D,92,8.4,0,C11,NA,NA,NA,G2183,Autumn
408,NA,2011-09-07,2011,9,1,D,98,8.9,0,C11,NA,NA,NA,G1905,Autumn
409,NA,2011-09-07,2011,9,1,D,96,8.4,0,C11,NA,NA,NA,G2059,Autumn
410,NA,2011-09-07,2011,9,1,D,92,7.6,0,C11,NA,NA,NA,G2113,Autumn
411,NA,2011-09-07,2011,9,1,D,91,7.2,0,C11,NA,NA,NA,G2016,Autumn
412,NA,2011-09-07,2011,9,1,D,90,7.1,0,C11,NA,NA,NA,G2115,Autumn
413,NA,2011-09-07,2011,9,1,D,92,7.3,0,C11,NA,NA,NA,G1860,Autumn
414,NA,2011-09-07,2011,9,1,D,98,9.0,0,C11,NA,NA,NA,G1612,Autumn
415,NA,2011-09-07,2011,9,1,D,96,8.5,0,C11,NA,NA,NA,G1915,Autumn
416,NA,2011-09-07,2011,9,1,D,91,7.2,0,C11,NA,NA,NA,G1998,Autumn
417,NA,2011-09-07,2011,9,1,D,92,7.6,0,C11,NA,NA,NA,G1925,Autumn
418,NA,2011-09-07,2011,9,1,D,95,8.5,0,C11,NA,NA,NA,G2076,Autumn
419,NA,2011-09-07,2011,9,1,D,94,8.1,0,C11,NA,NA,NA,G2132,Autumn
420,NA,2011-09-07,2011,9,1,D,92,7.7,0,C11,NA,NA,NA,G2234,Autumn
421,NA,2011-09-07,2011,9,1,D,91,7.4,0,C11,NA,NA,NA,G1910,Autumn
422,NA,2011-09-07,2011,9,1,D,89,6.8,0,C11,NA,NA,NA,G1777,Autumn
423,NA,2011-09-07,2011,9,1,D,97,8.4,0,C11,NA,NA,NA,G2054,Autumn
424,11672,2011-09-07,2011,9,1,E,190,64.0,1,C10,NA,NA,NA,NA,Autumn
425,NA,2011-09-07,2011,9,1,E,94,7.5,0,C11,NA,NA,NA,G1917,Autumn
426,NA,2011-09-07,2011,9,1,E,82,5.3,0,C11,NA,NA,NA,G1976,Autumn
427,NA,2011-09-07,2011,9,1,E,87,6.4,0,C11,NA,NA,NA,G1807,Autumn
428,NA,2011-09-07,2011,9,1,E,99,8.7,0,C11,NA,NA,NA,G2236,Autumn
429,NA,2011-09-07,2011,9,1,E,91,7.2,0,C11,NA,NA,NA,G1958,Autumn
430,NA,2011-09-07,2011,9,1,E,94,8.7,0,C11,NA,NA,NA,G1922,Autumn
431,NA,2011-09-07,2011,9,1,E,89,6.8,0,C11,NA,NA,NA,G1929,Autumn
432,NA,2011-09-07,2011,9,1,E,101,10.6,0,C11,NA,NA,NA,G1799,Autumn
433,NA,2011-09-07,2011,9,1,E,94,8.1,0,C11,NA,NA,NA,G2169,Autumn
434,NA,2011-09-07,2011,9,1,E,92,7.6,0,C11,NA,NA,NA,G1889,Autumn
435,NA,2011-09-07,2011,9,1,E,100,10.3,0,C11,NA,NA,NA,G2095,Autumn
436,NA,2011-09-07,2011,9,1,E,99,9.4,0,C11,NA,NA,NA,G1880,Autumn
437,NA,2011-09-07,2011,9,1,E,94,8.0,0,C11,NA,NA,NA,G1602,Autumn
438,NA,2011-09-07,2011,9,1,E,94,8.5,0,C11,NA,NA,NA,G2119,Autumn
439,NA,2011-09-07,2011,9,1,E,97,8.9,0,C11,NA,NA,NA,G2072,Autumn
440,NA,2011-09-07,2011,9,1,E,92,7.6,0,C11,NA,NA,NA,G2136,Autumn
441,NA,2011-09-07,2011,9,1,E,87,6.2,0,C11,NA,NA,NA,G2114,Autumn
442,NA,2011-09-07,2011,9,1,E,85,5.6,0,C11,NA,NA,NA,G2192,Autumn
443,NA,2011-09-07,2011,9,1,E,84,5.5,0,C11,NA,NA,NA,G2137,Autumn
444,NA,2011-09-07,2011,9,1,E,93,7.7,0,C11,NA,NA,NA,G2133,Autumn
445,NA,2011-09-07,2011,9,1,E,82,5.6,0,C11,NA,NA,NA,G2238,Autumn
446,NA,2011-09-07,2011,9,1,E,92,7.7,0,C11,NA,NA,NA,G1938,Autumn
447,NA,2011-09-07,2011,9,1,E,91,7.4,0,C11,NA,NA,NA,G1978,Autumn
448,NA,2011-09-07,2011,9,1,E,89,7.2,0,C11,NA,NA,NA,G1626,Autumn
449,NA,2011-09-07,2011,9,1,E,90,6.8,0,C11,NA,NA,NA,G1975,Autumn
450,NA,2011-09-07,2011,9,1,E,86,6.4,0,C11,NA,NA,NA,G1897,Autumn
451,NA,2011-09-07,2011,9,1,E,87,6.3,0,C11,NA,NA,NA,G2177,Autumn
452,NA,2011-09-07,2011,9,1,E,89,6.8,0,C11,NA,NA,NA,G1972,Autumn
453,NA,2011-09-07,2011,9,2,E,92,7.7,0,C11,NA,NA,NA,G1840,Autumn
454,NA,2011-09-07,2011,9,2,E,94,8.1,0,C11,NA,NA,NA,G2055,Autumn
455,NA,2011-09-07,2011,9,2,E,102,10.1,0,C11,NA,NA,NA,G1789,Autumn
456,NA,2011-09-07,2011,9,2,E,90,7.0,0,C11,NA,NA,NA,G1951,Autumn
457,17775,2011-09-07,2011,9,1,2,395,681.0,7,C04,m,NA,NA,NA,Autumn
458,11698,2011-09-07,2011,9,1,2,230,116.0,1,C10,NA,NA,NA,NA,Autumn
459,11688,2011-09-07,2011,9,1,2,189,64.0,1,C10,NA,NA,NA,NA,Autumn
460,17247,2011-09-07,2011,9,1,2,193,63.0,1,C10,NA,NA,NA,NA,Autumn
461,NA,2011-09-07,2011,9,1,2,96,8.6,0,C11,NA,NA,NA,G2048,Autumn
462,NA,2011-09-07,2011,9,1,2,88,7.0,0,C11,NA,NA,NA,G2187,Autumn
463,NA,2011-09-07,2011,9,1,2,93,7.8,0,C11,NA,NA,NA,G2085,Autumn
464,11690,2011-09-07,2011,9,2,2,175,55.0,1,C10,NA,NA,NA,NA,Autumn
465,12891,2007-09-12,2007,9,1,1,124,17.0,1,C06,NA,NA,NA,NA,Autumn
466,12510,2012-06-26,2012,6,1,1,206,84.7,1,C11,NA,NA,NA,327,Spring
467,12516,2012-06-26,2012,6,1,1,169,46.1,1,C11,NA,1,NA,328,Spring
468,12542,2012-06-26,2012,6,1,1,156,38.1,1,C11,NA,1,NA,329,Spring
469,12534,2012-06-26,2012,6,1,1,192,72.7,1,C11,NA,1,NA,330,Spring
470,12539,2012-06-26,2012,6,1,1,161,43.4,1,C11,NA,NA,NA,331,Spring
471,12537,2012-06-26,2012,6,1,1,182,64.7,1,C11,NA,NA,NA,332,Spring
472,12505,2012-06-26,2012,6,1,1,157,37.4,1,C11,NA,NA,NA,333,Spring
473,11670,2012-06-26,2012,6,1,1,254,169.3,2,C10,NA,NA,NA,334,Spring
474,12525,2012-06-26,2012,6,1,1,165,46.4,1,C11,NA,NA,NA,335,Spring
475,12502,2012-06-26,2012,6,1,1,178,54.4,1,C11,NA,1,NA,336,Spring
476,12532,2012-06-26,2012,6,1,1,201,84.7,1,C11,NA,NA,NA,337,Spring
477,12501,2012-06-26,2012,6,1,1,177,53.9,1,C11,NA,1,NA,338,Spring
478,12508,2012-06-26,2012,6,1,1,152,34.8,1,C11,NA,1,NA,339,Spring
479,12503,2012-06-26,2012,6,1,1,145,28.9,1,C11,NA,1,NA,340,Spring
480,12509,2012-06-26,2012,6,1,1,159,38.8,1,C11,NA,1,NA,341,Spring
481,12507,2012-06-26,2012,6,1,1,153,36.9,1,C11,NA,1,NA,342,Spring
482,12500,2012-06-26,2012,6,1,1,145,29.2,1,C11,NA,1,NA,343,Spring
483,12529,2012-06-26,2012,6,2,1,162,43.0,1,C11,NA,1,NA,344,Spring
484,12520,2012-06-26,2012,6,2,1,188,67.7,1,C11,NA,1,NA,345,Spring
485,12528,2012-06-26,2012,6,2,1,196,76.2,1,C11,NA,NA,NA,346,Spring
486,12522,2012-06-26,2012,6,2,1,157,41.6,1,C11,NA,NA,NA,347,Spring
487,11675,2012-06-26,2012,6,1,B,218,101.4,2,C10,NA,NA,NA,348,Spring
488,12511,2012-06-26,2012,6,1,B,271,197.0,2,C10,NA,NA,NA,349,Spring
489,12523,2012-06-26,2012,6,1,B,172,49.1,1,C11,NA,NA,NA,350,Spring
490,11671,2012-06-26,2012,6,1,B,210,92.6,2,C10,NA,NA,NA,351,Spring
491,12514,2012-06-26,2012,6,1,B,180,64.0,1,C11,NA,1,NA,352,Spring
492,12527,2012-06-26,2012,6,1,B,170,50.2,1,C11,NA,1,NA,353,Spring
493,12526,2012-06-26,2012,6,1,B,170,44.5,1,C11,NA,1,NA,354,Spring
494,12519,2012-06-26,2012,6,1,B,203,90.0,1,C11,NA,NA,NA,355,Spring
495,12543,2012-06-26,2012,6,1,B,169,44.5,1,C11,NA,1,NA,356,Spring
496,12517,2012-06-26,2012,6,1,B,166,48.7,1,C11,NA,1,NA,357,Spring
497,12506,2012-06-26,2012,6,1,B,161,44.1,1,C11,NA,1,NA,358,Spring
498,12521,2012-06-26,2012,6,1,B,162,40.3,1,C11,NA,1,NA,359,Spring
499,12518,2012-06-26,2012,6,1,B,175,51.9,1,C11,NA,1,NA,360,Spring
500,12512,2012-06-26,2012,6,1,B,162,39.2,1,C11,NA,NA,NA,361,Spring
501,12513,2012-06-26,2012,6,1,B,165,43.7,1,C11,NA,NA,NA,362,Spring
502,12515,2012-06-26,2012,6,1,B,158,35.9,1,C11,NA,1,NA,363,Spring
503,11792,2012-06-26,2012,6,1,B,158,40.3,1,C11,NA,NA,NA,364,Spring
504,11774,2012-06-26,2012,6,1,B,147,32.4,1,C11,NA,1,NA,365,Spring
505,11796,2012-06-26,2012,6,1,B,160,38.5,1,C11,NA,NA,NA,366,Spring
506,11770,2012-06-26,2012,6,1,B,158,38.1,1,C11,NA,NA,NA,367,Spring
507,11798,2012-06-26,2012,6,1,B,159,42.7,1,C11,NA,NA,NA,368,Spring
508,11799,2012-06-26,2012,6,1,B,167,48.4,1,C11,NA,NA,NA,369,Spring
509,11795,2012-06-26,2012,6,1,B,157,38.9,1,C11,NA,NA,NA,370,Spring
510,11773,2012-06-26,2012,6,1,B,131,21.0,1,C11,NA,1,NA,371,Spring
511,11771,2012-06-26,2012,6,1,B,154,54.3,1,C11,NA,1,NA,372,Spring
512,11790,2012-06-26,2012,6,1,B,148,28.4,1,C11,NA,1,NA,373,Spring
513,11793,2012-06-26,2012,6,1,B,138,24.9,1,C11,NA,1,NA,374,Spring
514,11797,2012-06-26,2012,6,1,B,130,21.2,1,C11,NA,1,NA,375,Spring
515,11794,2012-06-26,2012,6,2,B,163,43.3,1,C11,NA,NA,NA,376,Spring
516,11783,2012-06-26,2012,6,2,B,181,58.6,1,C11,NA,1,NA,377,Spring
517,11787,2012-06-26,2012,6,2,B,134,25.0,1,C11,NA,1,NA,378,Spring
518,11791,2012-06-26,2012,6,2,B,139,25.6,1,C11,NA,NA,NA,379,Spring
519,11784,2012-06-26,2012,6,2,B,137,24.3,1,C11,NA,1,NA,380,Spring
520,11786,2012-06-26,2012,6,1,C,165,49.4,1,C11,NA,NA,NA,381,Spring
521,11788,2012-06-26,2012,6,1,C,194,77.6,1,C11,NA,NA,NA,382,Spring
522,11782,2012-06-26,2012,6,1,C,139,26.9,1,C11,NA,1,NA,383,Spring
523,11706,2012-06-26,2012,6,1,C,150,31.1,1,C11,NA,1,NA,384,Spring
524,11785,2012-06-26,2012,6,1,C,198,74.0,1,C11,NA,1,NA,385,Spring
525,11789,2012-06-26,2012,6,1,C,168,51.5,1,C11,NA,NA,NA,386,Spring
526,11780,2012-06-26,2012,6,1,C,149,32.8,1,C11,NA,1,NA,387,Spring
527,11728,2012-06-26,2012,6,1,C,165,46.4,1,C11,NA,NA,NA,388,Spring
528,11749,2012-06-26,2012,6,1,C,157,38.5,1,C11,NA,NA,NA,389,Spring
529,11705,2012-06-26,2012,6,1,C,182,59.4,1,C11,NA,NA,NA,390,Spring
530,11769,2012-06-26,2012,6,1,C,172,52.3,1,C11,NA,NA,NA,391,Spring
531,11759,2012-06-26,2012,6,1,C,183,60.7,1,C11,NA,1,NA,392,Spring
532,11748,2012-06-26,2012,6,1,C,150,31.1,1,C11,NA,1,NA,393,Spring
533,11704,2012-06-26,2012,6,1,C,151,32.2,1,C11,NA,NA,NA,394,Spring
534,11701,2012-06-26,2012,6,1,C,143,29.7,1,C11,NA,1,NA,395,Spring
535,11733,2012-06-26,2012,6,1,C,154,38.9,1,C11,NA,1,NA,396,Spring
536,11754,2012-06-26,2012,6,1,C,150,32.3,1,C11,NA,1,NA,397,Spring
537,11726,2012-06-26,2012,6,1,C,129,20.5,1,C11,NA,1,NA,398,Spring
538,11722,2012-06-26,2012,6,1,C,144,28.6,1,C11,NA,1,NA,399,Spring
539,11729,2012-06-26,2012,6,1,C,137,23.4,1,C11,NA,1,NA,400,Spring
540,11714,2012-06-26,2012,6,1,C,134,23.7,1,C11,NA,NA,NA,401,Spring
541,11708,2012-06-26,2012,6,1,C,131,22.4,1,C11,NA,1,NA,402,Spring
542,11725,2012-06-26,2012,6,1,C,158,40.3,1,C11,NA,1,NA,403,Spring
543,11720,2012-06-26,2012,6,1,C,132,22.4,1,C11,NA,1,NA,404,Spring
544,11727,2012-06-26,2012,6,1,C,130,19.6,1,C11,NA,NA,NA,405,Spring
545,11700,2012-06-26,2012,6,1,C,132,22.8,1,C11,NA,NA,NA,406,Spring
546,11721,2012-06-26,2012,6,1,C,128,19.9,1,C11,NA,1,NA,407,Spring
547,11718,2012-06-26,2012,6,1,C,135,24.2,1,C11,NA,1,NA,408,Spring
548,11709,2012-06-26,2012,6,1,C,135,25.1,1,C11,NA,1,NA,409,Spring
549,11707,2012-06-26,2012,6,1,C,141,26.5,1,C11,NA,NA,NA,410,Spring
550,11703,2012-06-26,2012,6,2,C,148,29.6,1,C11,NA,NA,NA,411,Spring
551,11730,2012-06-26,2012,6,1,D,152,35.4,1,C11,NA,1,NA,412,Spring
552,11735,2012-06-26,2012,6,1,D,155,35.5,1,C11,NA,1,NA,413,Spring
553,11732,2012-06-26,2012,6,1,D,164,46.6,1,C11,NA,1,NA,414,Spring
554,11745,2012-06-26,2012,6,1,D,181,59.8,1,C11,NA,1,NA,415,Spring
555,11737,2012-06-26,2012,6,1,D,150,32.6,1,C11,NA,1,NA,416,Spring
556,11723,2012-06-26,2012,6,1,D,166,47.5,1,C11,NA,1,NA,417,Spring
557,11717,2012-06-26,2012,6,1,D,141,28.2,1,C11,NA,NA,NA,418,Spring
558,11719,2012-06-26,2012,6,1,D,158,38.5,1,C11,NA,1,NA,419,Spring
559,11716,2012-06-26,2012,6,1,D,152,36.4,1,C11,NA,1,NA,420,Spring
560,11741,2012-06-26,2012,6,1,D,147,33.0,1,C11,NA,1,NA,421,Spring
561,11736,2012-06-26,2012,6,1,D,173,55.0,1,C11,NA,NA,NA,422,Spring
562,11738,2012-06-26,2012,6,1,D,166,48.0,1,C11,NA,1,NA,423,Spring
563,11712,2012-06-26,2012,6,1,D,165,46.2,1,C11,NA,NA,NA,424,Spring
564,11755,2012-06-26,2012,6,1,D,149,31.9,1,C11,NA,1,NA,425,Spring
565,11731,2012-06-26,2012,6,1,D,140,27.4,1,C11,NA,NA,NA,426,Spring
566,11710,2012-06-26,2012,6,1,D,146,30.6,1,C11,NA,NA,NA,427,Spring
567,11734,2012-06-26,2012,6,1,D,158,39.7,1,C11,NA,1,NA,428,Spring
568,11702,2012-06-26,2012,6,1,D,143,27.4,1,C11,NA,NA,NA,429,Spring
569,11743,2012-06-26,2012,6,1,D,143,28.8,1,C11,NA,1,NA,430,Spring
570,11747,2012-06-26,2012,6,1,D,145,27.7,1,C11,NA,1,NA,431,Spring
571,11713,2012-06-26,2012,6,1,D,146,30.2,1,C11,NA,NA,NA,432,Spring
572,11715,2012-06-26,2012,6,1,D,148,32.8,1,C11,NA,NA,NA,433,Spring
573,11711,2012-06-26,2012,6,1,D,165,48.1,1,C11,NA,1,NA,434,Spring
574,11744,2012-06-26,2012,6,1,D,150,32.2,1,C11,NA,1,NA,435,Spring
575,11740,2012-06-26,2012,6,1,D,142,28.0,1,C11,NA,1,NA,436,Spring
576,11746,2012-06-26,2012,6,1,D,132,22.0,1,C11,NA,NA,NA,437,Spring
577,11742,2012-06-26,2012,6,1,D,142,28.6,1,C11,NA,NA,NA,438,Spring
578,11756,2012-06-26,2012,6,1,D,141,28.0,1,C11,NA,NA,NA,439,Spring
579,11750,2012-06-26,2012,6,1,D,123,17.8,1,C11,NA,NA,NA,440,Spring
580,11753,2012-06-26,2012,6,1,D,133,22.1,1,C11,NA,1,NA,441,Spring
581,11761,2012-06-26,2012,6,1,D,124,19.1,1,C11,NA,NA,NA,442,Spring
582,11752,2012-06-26,2012,6,1,D,125,19.1,1,C11,NA,NA,NA,443,Spring
583,11751,2012-06-26,2012,6,2,D,165,42.5,1,C11,NA,1,NA,444,Spring
584,11763,2012-06-26,2012,6,2,D,175,57.1,1,C11,NA,NA,NA,445,Spring
585,11768,2012-06-26,2012,6,2,D,146,32.6,1,C11,NA,NA,NA,446,Spring
586,11766,2012-06-26,2012,6,2,D,156,37.0,1,C11,NA,1,NA,447,Spring
587,11778,2012-06-26,2012,6,1,E,176,58.8,1,C11,NA,NA,NA,448,Spring
588,11764,2012-06-26,2012,6,1,E,169,51.5,1,C11,NA,NA,NA,449,Spring
589,17775,2012-06-26,2012,6,1,E,420,952.2,8,C04,m,NA,NA,450,Spring
590,11776,2012-06-26,2012,6,1,E,163,45.0,1,C11,NA,NA,NA,451,Spring
591,11772,2012-06-26,2012,6,1,E,175,54.4,1,C11,NA,1,NA,452,Spring
592,11775,2012-06-26,2012,6,1,E,154,37.8,1,C11,NA,1,NA,453,Spring
593,11765,2012-06-26,2012,6,1,E,158,39.0,1,C11,NA,NA,NA,454,Spring
594,11767,2012-06-26,2012,6,1,E,180,59.5,1,C11,NA,1,NA,455,Spring
595,11724,2012-06-26,2012,6,1,E,166,48.5,1,C11,NA,1,NA,456,Spring
596,11758,2012-06-26,2012,6,1,E,158,40.3,1,C11,NA,1,NA,457,Spring
597,11757,2012-06-26,2012,6,1,E,170,50.6,1,C11,NA,NA,NA,458,Spring
598,11760,2012-06-26,2012,6,1,E,156,34.0,1,C11,NA,NA,NA,459,Spring
599,11762,2012-06-26,2012,6,1,E,148,34.0,1,C11,NA,NA,NA,460,Spring
600,11779,2012-06-26,2012,6,1,E,175,48.9,1,C11,NA,NA,NA,461,Spring
601,11777,2012-06-26,2012,6,1,E,159,41.7,1,C11,NA,1,NA,462,Spring
602,11781,2012-06-26,2012,6,1,E,153,35.6,1,C11,NA,NA,NA,463,Spring
603,11739,2012-06-26,2012,6,1,E,132,23.4,1,C11,NA,1,NA,464,Spring
604,NA,2012-06-26,2012,6,1,E,147,31.1,1,C11,NA,NA,NA,G2197,Spring
605,NA,2012-06-26,2012,6,1,E,158,37.9,1,C11,NA,1,NA,G2191,Spring
606,NA,2012-06-26,2012,6,1,E,134,23.2,1,C11,NA,1,NA,G1564,Spring
607,NA,2012-06-26,2012,6,1,E,136,23.6,1,C11,NA,1,NA,G2080,Spring
608,NA,2012-06-26,2012,6,1,E,140,27.2,1,C11,NA,1,NA,G1898,Spring
609,NA,2012-06-26,2012,6,2,E,162,44.0,1,C11,NA,NA,NA,G1678,Spring
610,NA,2012-06-26,2012,6,2,E,175,56.9,1,C11,NA,NA,NA,G1839,Spring
611,NA,2012-06-26,2012,6,1,2,159,39.8,1,C11,NA,NA,NA,G1968,Spring
612,11698,2012-06-26,2012,6,1,2,277,197.1,2,C10,NA,NA,NA,465,Spring
613,NA,2012-06-26,2012,6,1,2,157,36.9,1,C11,NA,NA,NA,G1919,Spring
614,NA,2012-06-26,2012,6,1,2,188,68.5,1,C11,NA,NA,NA,G1869,Spring
615,NA,2012-06-26,2012,6,1,2,162,44.3,1,C11,NA,NA,NA,G2084,Spring
616,NA,2012-06-26,2012,6,1,2,164,44.9,1,C11,NA,1,NA,G2224,Spring
617,NA,2012-06-26,2012,6,1,2,183,65.4,1,C11,NA,NA,NA,G2122,Spring
618,NA,2012-06-26,2012,6,1,2,164,44.0,1,C11,NA,1,NA,G2075,Spring
619,NA,2012-06-26,2012,6,1,2,160,41.2,1,C11,NA,NA,NA,G1872,Spring
620,NA,2012-06-26,2012,6,1,2,160,40.0,1,C11,NA,1,NA,G1818,Spring
621,NA,2012-06-26,2012,6,1,2,136,24.7,1,C11,NA,NA,NA,G2053,Spring
622,NA,2012-06-26,2012,6,1,2,138,25.0,1,C11,NA,NA,NA,G1999,Spring
623,NA,2012-06-26,2012,6,1,2,168,48.8,1,C11,NA,NA,NA,G1948,Spring
624,NA,2012-06-26,2012,6,1,2,191,68.4,1,C11,NA,NA,NA,G1259,Spring
625,NA,2012-06-26,2012,6,1,2,162,42.7,1,C11,NA,1,NA,G1794,Spring
626,NA,2012-06-26,2012,6,1,2,142,26.7,1,C11,NA,NA,NA,G1847,Spring
627,NA,2012-06-26,2012,6,1,2,151,32.5,1,C11,NA,1,NA,G2128,Spring
628,NA,2012-06-26,2012,6,1,2,149,32.3,1,C11,NA,1,NA,G1870,Spring
629,11661,2012-06-26,2012,6,2,2,217,101.1,2,C10,NA,NA,NA,466,Spring
630,17247,2012-06-26,2012,6,2,2,250,146.3,2,C10,NA,NA,NA,467,Spring
631,11672,2012-06-26,2012,6,2,2,236,126.1,2,C10,NA,NA,NA,468,Spring
632,NA,2012-06-26,2012,6,2,2,152,34.9,1,C11,NA,1,NA,G1484,Spring
633,NA,2012-06-26,2012,6,2,2,186,63.6,1,C11,NA,NA,NA,G1985,Spring
634,2664,2012-09-11,2012,9,1,A,193,71.7,1,C11,NA,1,NA,NA,Autumn
635,12537,2012-09-11,2012,9,1,A,226,116.4,1,C11,NA,NA,NA,NA,Autumn
636,11776,2012-09-11,2012,9,1,A,202,80.4,1,C11,NA,NA,NA,NA,Autumn
637,12522,2012-09-11,2012,9,1,1,197,74.9,1,C11,NA,NA,NA,NA,Autumn
638,2569,2012-09-11,2012,9,1,1,212,101.9,1,C11,NA,NA,NA,NA,Autumn
639,11744,2012-09-11,2012,9,1,1,173,49.0,1,C11,NA,NA,NA,NA,Autumn
640,12539,2012-09-11,2012,9,1,1,197,82.4,1,C11,NA,NA,NA,NA,Autumn
641,12525,2012-09-11,2012,9,1,1,215,94.7,1,C11,NA,NA,NA,NA,Autumn
642,12516,2012-09-11,2012,9,1,1,208,84.2,1,C11,NA,NA,NA,NA,Autumn
643,12505,2012-09-11,2012,9,1,1,177,49.2,1,C11,NA,NA,NA,NA,Autumn
644,12542,2012-09-11,2012,9,1,1,183,56.2,1,C11,NA,NA,NA,NA,Autumn
645,12507,2012-09-11,2012,9,1,1,177,50.4,1,C11,NA,NA,NA,NA,Autumn
646,2534,2012-09-11,2012,9,2,1,188,61.2,1,C11,NA,1,NA,NA,Autumn
647,12534,2012-09-11,2012,9,2,1,219,114.3,1,C11,NA,NA,NA,NA,Autumn
648,12511,2012-09-11,2012,9,1,B,281,214.9,2,C10,NA,NA,NA,NA,Autumn
649,11722,2012-09-11,2012,9,1,B,165,42.4,1,C11,NA,NA,NA,NA,Autumn
650,11671,2012-09-11,2012,9,1,B,226,112.2,2,C10,NA,NA,NA,NA,Autumn
651,12512,2012-09-11,2012,9,1,B,172,44.0,1,C11,NA,NA,NA,NA,Autumn
652,12518,2012-09-11,2012,9,1,B,204,80.0,1,C11,NA,NA,NA,NA,Autumn
653,11675,2012-09-11,2012,9,1,B,234,127.6,2,C10,NA,NA,NA,NA,Autumn
654,11794,2012-09-11,2012,9,1,B,197,69.8,1,C11,NA,NA,NA,NA,Autumn
655,11784,2012-09-11,2012,9,1,B,152,34.4,1,C11,NA,NA,NA,NA,Autumn
656,11773,2012-09-11,2012,9,1,B,155,33.1,1,C11,NA,NA,NA,NA,Autumn
657,12523,2012-09-11,2012,9,1,B,191,63.1,1,C11,NA,NA,NA,NA,Autumn
658,11771,2012-09-11,2012,9,1,B,164,40.3,1,C11,NA,NA,NA,NA,Autumn
659,2527,2012-09-11,2012,9,1,B,173,48.4,1,C11,NA,NA,NA,NA,Autumn
660,12506,2012-09-11,2012,9,1,B,177,51.4,1,C11,NA,NA,NA,NA,Autumn
661,12513,2012-09-11,2012,9,1,B,179,51.0,1,C11,NA,NA,NA,NA,Autumn
662,11787,2012-09-11,2012,9,1,B,158,35.9,1,C11,NA,NA,NA,NA,Autumn
663,12509,2012-09-11,2012,9,1,B,191,67.2,1,C11,NA,NA,NA,NA,Autumn
664,12527,2012-09-11,2012,9,1,B,184,59.8,1,C11,NA,NA,NA,NA,Autumn
665,11796,2012-09-11,2012,9,1,B,178,52.8,1,C11,NA,NA,NA,NA,Autumn
666,2519,2012-09-11,2012,9,1,B,174,48.0,1,C11,NA,1,NA,NA,Autumn
667,12515,2012-09-11,2012,9,1,B,185,54.6,1,C11,NA,NA,NA,NA,Autumn
668,2683,2012-09-11,2012,9,1,B,150,28.7,1,C11,NA,1,NA,NA,Autumn
669,11706,2012-09-11,2012,9,1,B,167,42.1,1,C11,NA,NA,NA,NA,Autumn
670,11774,2012-09-11,2012,9,1,B,167,44.1,1,C11,NA,NA,NA,NA,Autumn
671,12500,2012-09-11,2012,9,1,B,161,38.1,1,C11,NA,NA,NA,NA,Autumn
672,11791,2012-09-11,2012,9,1,B,145,26.6,1,C11,NA,NA,NA,NA,Autumn
673,2511,2012-09-11,2012,9,2,B,162,40.1,1,C11,NA,1,NA,NA,Autumn
674,12521,2012-09-11,2012,9,2,B,180,50.8,1,C11,NA,NA,NA,NA,Autumn
675,11770,2012-09-11,2012,9,2,B,174,48.3,1,C11,NA,NA,NA,NA,Autumn
676,12526,2012-09-11,2012,9,2,B,192,63.1,1,C11,NA,NA,NA,NA,Autumn
677,11788,2012-09-11,2012,9,1,C,215,102.6,1,C11,NA,NA,NA,NA,Autumn
678,11799,2012-09-11,2012,9,1,C,198,78.8,1,C11,NA,NA,NA,NA,Autumn
679,11705,2012-09-11,2012,9,1,C,206,88.3,1,C11,NA,NA,NA,NA,Autumn
680,11769,2012-09-11,2012,9,1,C,195,76.3,1,C11,NA,NA,NA,NA,Autumn
681,11729,2012-09-11,2012,9,1,C,157,33.6,1,C11,NA,NA,NA,NA,Autumn
682,11715,2012-09-11,2012,9,1,C,163,41.4,1,C11,NA,NA,NA,NA,Autumn
683,2568,2012-09-11,2012,9,1,C,195,70.5,1,C11,NA,NA,NA,NA,Autumn
684,11760,2012-09-11,2012,9,1,C,184,54.0,1,C11,NA,NA,NA,NA,Autumn
685,11798,2012-09-11,2012,9,1,C,170,47.5,1,C11,NA,NA,NA,NA,Autumn
686,11786,2012-09-11,2012,9,1,C,192,72.6,1,C11,NA,NA,NA,NA,Autumn
687,11727,2012-09-11,2012,9,1,C,144,26.5,1,C11,NA,NA,NA,NA,Autumn
688,11708,2012-09-11,2012,9,1,C,146,29.9,1,C11,NA,NA,NA,NA,Autumn
689,11700,2012-09-11,2012,9,1,C,160,38.6,1,C11,NA,NA,NA,NA,Autumn
690,2561,2012-09-11,2012,9,1,C,167,47.9,1,C11,NA,NA,NA,NA,Autumn
691,11754,2012-09-11,2012,9,1,C,165,42.0,1,C11,NA,NA,NA,NA,Autumn
692,2666,2012-09-11,2012,9,1,C,158,39.6,1,C11,NA,1,NA,NA,Autumn
693,11721,2012-09-11,2012,9,1,C,146,28.0,1,C11,NA,NA,NA,NA,Autumn
694,11749,2012-09-11,2012,9,1,C,191,66.4,1,C11,NA,NA,NA,NA,Autumn
695,11740,2012-09-11,2012,9,1,C,150,30.9,1,C11,NA,NA,NA,NA,Autumn
696,11731,2012-09-11,2012,9,1,C,152,33.6,1,C11,NA,NA,NA,NA,Autumn
697,11733,2012-09-11,2012,9,1,C,177,57.0,1,C11,NA,NA,NA,NA,Autumn
698,11726,2012-09-11,2012,9,1,C,150,30.0,1,C11,NA,NA,NA,NA,Autumn
699,11780,2012-09-11,2012,9,1,C,171,46.0,1,C11,NA,NA,NA,NA,Autumn
700,11793,2012-09-11,2012,9,1,C,154,33.9,1,C11,NA,NA,NA,NA,Autumn
701,11748,2012-09-11,2012,9,1,C,183,55.7,1,C11,NA,NA,NA,NA,Autumn
702,11709,2012-09-11,2012,9,1,C,164,42.4,1,C11,NA,NA,NA,NA,Autumn
703,11707,2012-09-11,2012,9,1,C,164,42.6,1,C11,NA,NA,NA,NA,Autumn
704,2570,2012-09-11,2012,9,1,C,145,28.2,1,C11,NA,1,NA,NA,Autumn
705,11782,2012-09-11,2012,9,2,C,156,33.7,1,C11,NA,NA,NA,NA,Autumn
706,11736,2012-09-11,2012,9,1,D,200,86.3,1,C11,NA,NA,NA,NA,Autumn
707,11779,2012-09-11,2012,9,1,D,218,97.9,1,C11,NA,NA,NA,NA,Autumn
708,11751,2012-09-11,2012,9,1,D,195,65.7,1,C11,NA,NA,NA,NA,Autumn
709,11755,2012-09-11,2012,9,1,D,175,49.5,1,C11,NA,NA,NA,NA,Autumn
710,11701,2012-09-11,2012,9,1,D,166,43.4,1,C11,NA,NA,NA,NA,Autumn
711,2567,2012-09-11,2012,9,1,D,172,51.5,1,C11,NA,NA,NA,NA,Autumn
712,11766,2012-09-11,2012,9,1,D,181,51.3,1,C11,NA,NA,NA,NA,Autumn
713,11710,2012-09-11,2012,9,1,D,178,52.7,1,C11,NA,NA,NA,NA,Autumn
714,11717,2012-09-11,2012,9,1,D,162,40.6,1,C11,NA,NA,NA,NA,Autumn
715,11761,2012-09-11,2012,9,1,D,150,31.3,1,C11,NA,NA,NA,NA,Autumn
716,11734,2012-09-11,2012,9,1,D,182,55.3,1,C11,NA,NA,NA,NA,Autumn
717,11732,2012-09-11,2012,9,1,D,184,66.2,1,C11,NA,NA,NA,NA,Autumn
718,11742,2012-09-11,2012,9,1,D,170,46.2,1,C11,NA,NA,NA,NA,Autumn
719,11719,2012-09-11,2012,9,1,D,178,56.4,1,C11,NA,NA,NA,NA,Autumn
720,11730,2012-09-11,2012,9,1,D,181,61.5,1,C11,NA,NA,NA,NA,Autumn
721,11702,2012-09-11,2012,9,1,D,163,38.2,1,C11,NA,NA,NA,NA,Autumn
722,2517,2012-09-11,2012,9,1,D,139,25.4,1,C11,NA,NA,NA,NA,Autumn
723,11737,2012-09-11,2012,9,1,D,171,47.4,1,C11,NA,NA,NA,NA,Autumn
724,12529,2012-09-11,2012,9,1,D,176,48.4,1,C11,NA,NA,NA,NA,Autumn
725,17775,2012-09-11,2012,9,1,E,430,894.3,8,C04,NA,NA,NA,NA,Autumn
726,11711,2012-09-11,2012,9,1,E,202,82.6,1,C11,NA,NA,NA,NA,Autumn
727,2565,2012-09-11,2012,9,1,E,213,93.5,1,C11,NA,NA,NA,NA,Autumn
728,11738,2012-09-11,2012,9,1,E,183,65.9,1,C11,NA,NA,NA,NA,Autumn
729,11746,2012-09-11,2012,9,1,E,164,40.8,1,C11,NA,NA,NA,NA,Autumn
730,11772,2012-09-11,2012,9,1,E,200,72.7,1,C11,NA,NA,NA,NA,Autumn
731,11775,2012-09-11,2012,9,1,E,174,48.0,1,C11,NA,NA,NA,NA,Autumn
732,11725,2012-09-11,2012,9,1,E,193,66.9,1,C11,NA,NA,NA,NA,Autumn
733,2640,2012-09-11,2012,9,1,E,167,44.0,1,C11,NA,1,NA,NA,Autumn
734,11781,2012-09-11,2012,9,1,E,166,39.9,1,C11,NA,NA,NA,NA,Autumn
735,11762,2012-09-11,2012,9,1,E,169,47.2,1,C11,NA,NA,NA,NA,Autumn
736,2562,2012-09-11,2012,9,1,E,166,45.1,1,C11,NA,1,NA,NA,Autumn
737,11743,2012-09-11,2012,9,1,E,165,41.7,1,C11,NA,NA,NA,NA,Autumn
738,2564,2012-09-11,2012,9,1,E,163,39.4,1,C11,NA,1,NA,NA,Autumn
739,11756,2012-09-11,2012,9,1,E,181,58.4,1,C11,NA,NA,NA,NA,Autumn
740,NA,2012-09-11,2012,9,1,E,78,5.1,0,C12,NA,NA,NA,G1983,Autumn
741,2560,2012-09-11,2012,9,1,E,178,50.2,1,C11,NA,1,NA,NA,Autumn
742,11735,2012-09-11,2012,9,1,E,170,44.2,1,C11,NA,NA,NA,NA,Autumn
743,11739,2012-09-11,2012,9,1,E,158,36.1,1,C11,NA,NA,NA,NA,Autumn
744,2552,2012-09-11,2012,9,1,E,161,39.8,1,C11,NA,1,NA,NA,Autumn
745,11747,2012-09-11,2012,9,1,E,163,38.2,1,C11,NA,NA,NA,NA,Autumn
746,11753,2012-09-11,2012,9,1,E,146,28.2,1,C11,NA,NA,NA,NA,Autumn
747,2514,2012-09-11,2012,9,2,E,156,35.1,1,C11,NA,1,NA,NA,Autumn
748,2525,2012-09-11,2012,9,1,2,215,101.0,1,C11,NA,NA,NA,NA,Autumn
749,11661,2012-09-11,2012,9,1,2,228,119.4,2,C10,NA,NA,NA,NA,Autumn
750,11716,2012-09-11,2012,9,1,2,171,45.9,1,C11,NA,NA,NA,NA,Autumn
751,2538,2012-09-11,2012,9,1,2,172,47.2,1,C11,NA,1,NA,NA,Autumn
752,2516,2012-09-11,2012,9,1,2,190,68.1,1,C11,NA,1,NA,NA,Autumn
753,11670,2012-09-11,2012,9,1,2,260,169.3,2,C10,NA,NA,NA,NA,Autumn
754,11765,2012-09-11,2012,9,1,2,180,54.4,1,C11,NA,NA,NA,NA,Autumn
755,12510,2012-09-11,2012,9,1,2,214,97.5,1,C11,NA,NA,NA,NA,Autumn
756,2571,2012-09-11,2012,9,1,2,172,45.9,1,C11,NA,1,NA,NA,Autumn
757,11795,2012-09-11,2012,9,1,2,184,55.9,1,C11,NA,NA,NA,NA,Autumn
758,11758,2012-09-11,2012,9,1,2,178,52.0,1,C11,NA,NA,NA,NA,Autumn
759,11712,2012-09-11,2012,9,1,2,176,49.0,1,C11,NA,NA,NA,NA,Autumn
760,2541,2012-09-11,2012,9,1,2,207,81.9,1,C11,NA,1,NA,NA,Autumn
761,11785,2012-09-11,2012,9,1,2,205,69.6,1,C11,NA,NA,NA,NA,Autumn
762,2793,2012-09-11,2012,9,1,2,180,54.0,1,C11,NA,1,NA,NA,Autumn
763,12528,2012-09-11,2012,9,1,2,204,70.5,1,C11,NA,NA,NA,NA,Autumn
764,11777,2012-09-11,2012,9,1,2,171,47.3,1,C11,NA,NA,NA,NA,Autumn
765,2847,2012-09-11,2012,9,1,2,218,93.4,1,C11,NA,1,NA,NA,Autumn
766,11745,2012-09-11,2012,9,1,2,190,64.2,1,C11,NA,NA,NA,NA,Autumn
767,11763,2012-09-11,2012,9,1,2,200,86.1,1,C11,NA,NA,NA,NA,Autumn
768,11778,2012-09-11,2012,9,1,2,190,66.6,1,C11,NA,NA,NA,NA,Autumn
769,2840,2012-09-11,2012,9,1,2,215,95.6,1,C11,NA,NA,NA,NA,Autumn
770,11759,2012-09-11,2012,9,1,2,196,68.9,1,C11,NA,NA,NA,NA,Autumn
771,12514,2012-09-11,2012,9,1,2,187,61.9,1,C11,NA,NA,NA,NA,Autumn
772,2803,2012-09-11,2012,9,1,2,167,42.0,1,C11,NA,1,NA,NA,Autumn
773,11789,2012-09-11,2012,9,1,2,187,60.5,1,C11,NA,NA,NA,NA,Autumn
774,11764,2012-09-11,2012,9,1,2,192,70.2,1,C11,NA,NA,NA,NA,Autumn
775,2811,2012-09-11,2012,9,1,2,205,81.2,1,C11,NA,1,NA,NA,Autumn
776,11724,2012-09-11,2012,9,1,2,185,57.3,1,C11,NA,NA,NA,NA,Autumn
777,11741,2012-09-11,2012,9,1,2,167,43.4,1,C11,NA,NA,NA,NA,Autumn
778,2866,2012-09-11,2012,9,1,2,215,93.5,1,C11,NA,1,NA,NA,Autumn
779,2826,2012-09-11,2012,9,1,2,175,50.8,1,C11,NA,1,NA,NA,Autumn
780,2821,2012-09-11,2012,9,1,2,152,32.1,1,C11,NA,NA,NA,NA,Autumn
781,2808,2012-09-11,2012,9,1,2,189,61.5,1,C11,NA,1,NA,NA,Autumn
782,2805,2012-09-11,2012,9,1,2,183,60.9,1,C11,NA,1,NA,NA,Autumn
783,2792,2012-09-11,2012,9,1,2,182,55.6,1,C11,NA,1,NA,NA,Autumn
784,2806,2012-09-11,2012,9,1,2,196,67.5,1,C11,NA,NA,NA,NA,Autumn
785,2801,2012-09-11,2012,9,1,2,146,29.3,1,C11,NA,1,NA,NA,Autumn
786,2800,2012-09-11,2012,9,1,2,179,51.8,1,C11,NA,1,NA,NA,Autumn
787,2852,2012-09-11,2012,9,1,2,171,45.7,1,C11,NA,1,NA,NA,Autumn
788,2859,2012-09-11,2012,9,1,2,177,51.2,1,C11,NA,1,NA,NA,Autumn
789,2872,2012-09-11,2012,9,1,2,182,56.3,1,C11,NA,1,NA,NA,Autumn
790,2863,2012-09-11,2012,9,1,2,182,55.9,1,C11,NA,1,NA,NA,Autumn
791,2869,2012-09-11,2012,9,1,2,163,36.7,1,C11,NA,NA,NA,NA,Autumn
792,2815,2012-09-11,2012,9,1,2,187,64.2,1,C11,NA,1,NA,NA,Autumn
793,2818,2012-09-11,2012,9,1,2,163,38.6,1,C11,NA,1,NA,NA,Autumn
794,2858,2012-09-11,2012,9,1,2,159,37.3,1,C11,NA,1,NA,NA,Autumn
795,2828,2012-09-11,2012,9,1,2,166,45.5,1,C11,NA,1,NA,NA,Autumn
796,2814,2012-09-11,2012,9,1,2,144,28.4,1,C11,NA,NA,NA,NA,Autumn
797,2823,2012-09-11,2012,9,1,2,164,39.5,1,C11,NA,1,NA,NA,Autumn
798,2836,2012-09-11,2012,9,1,2,156,33.6,1,C11,NA,1,NA,NA,Autumn
799,2816,2012-09-11,2012,9,1,2,172,48.0,1,C11,NA,1,NA,NA,Autumn
800,2883,2012-09-11,2012,9,1,2,137,22.9,1,C11,NA,NA,NA,NA,Autumn
801,2789,2012-09-11,2012,9,1,2,164,40.4,1,C11,NA,1,NA,NA,Autumn
802,2867,2012-09-11,2012,9,2,2,188,58.4,1,C11,NA,NA,NA,NA,Autumn
803,11767,2012-09-11,2012,9,2,2,191,64.4,1,C11,NA,NA,NA,NA,Autumn
804,11757,2012-09-11,2012,9,2,2,177,50.5,1,C11,NA,NA,NA,NA,Autumn
805,2708,2012-09-11,2012,9,2,2,180,53.1,1,C11,NA,NA,NA,NA,Autumn
806,2819,2012-09-11,2012,9,2,2,179,48.4,1,C11,NA,NA,NA,NA,Autumn
807,12520,2012-09-11,2012,9,2,2,195,69.2,1,C11,NA,NA,NA,NA,Autumn
808,12519,2012-09-11,2012,9,2,2,218,97.0,1,C11,NA,NA,NA,NA,Autumn
809,11702,2013-06-17,2013,6,1,A,227,115.6,2,C11,NA,NA,NA,NA,Spring
810,2664,2013-06-17,2013,6,1,A,243,145.7,2,C11,NA,NA,NA,NA,Spring
811,11786,2013-06-17,2013,6,1,1,236,143.3,2,C11,NA,NA,NA,92,Spring
812,2562,2013-06-17,2013,6,1,1,205,84.8,2,C11,NA,NA,NA,NA,Spring
813,12522,2013-06-17,2013,6,1,1,241,151.9,2,C11,NA,NA,NA,93,Spring
814,12505,2013-06-17,2013,6,1,1,224,110.0,2,C11,NA,NA,NA,94,Spring
815,2534,2013-06-17,2013,6,1,1,216,89.8,2,C11,NA,NA,NA,NA,Spring
816,11787,2013-06-17,2013,6,1,1,192,70.0,2,C11,NA,NA,NA,95,Spring
817,11754,2013-06-17,2013,6,1,1,202,81.1,2,C11,NA,NA,NA,96,Spring
818,11773,2013-06-17,2013,6,1,1,204,82.4,2,C11,NA,NA,NA,97,Spring
819,12542,2013-06-17,2013,6,1,1,225,110.5,2,C11,NA,NA,NA,98,Spring
820,12517,2013-06-17,2013,6,1,1,250,170.2,2,C11,NA,NA,NA,99,Spring
821,12509,2013-06-17,2013,6,1,1,215,96.8,2,C11,NA,NA,NA,100,Spring
822,12525,2013-06-17,2013,6,1,1,250,149.3,2,C11,NA,NA,NA,101,Spring
823,12508,2013-06-17,2013,6,1,1,206,81.6,2,C11,NA,NA,NA,102,Spring
824,11797,2013-06-17,2013,6,1,B,181,61.8,2,C11,NA,NA,NA,103,Spring
825,2517,2013-06-17,2013,6,1,B,176,53.3,2,C11,NA,NA,NA,NA,Spring
826,11774,2013-06-17,2013,6,1,B,200,80.4,2,C11,NA,NA,NA,104,Spring
827,2519,2013-06-17,2013,6,1,B,220,106.0,2,C11,NA,NA,NA,NA,Spring
828,12520,2013-06-17,2013,6,1,B,219,112.3,2,C11,NA,NA,NA,105,Spring
829,2527,2013-06-17,2013,6,1,B,216,110.4,2,C11,NA,NA,NA,NA,Spring
830,11798,2013-06-17,2013,6,1,B,208,96.2,2,C11,NA,NA,NA,106,Spring
831,11706,2013-06-17,2013,6,1,B,202,81.4,2,C11,NA,NA,NA,107,Spring
832,11722,2013-06-17,2013,6,1,B,216,99.2,2,C11,NA,NA,NA,108,Spring
833,12507,2013-06-17,2013,6,1,B,212,99.9,2,C11,NA,NA,NA,109,Spring
834,12523,2013-06-17,2013,6,1,B,216,96.4,2,C11,NA,NA,NA,110,Spring
835,12512,2013-06-17,2013,6,1,B,204,81.2,2,C11,NA,NA,NA,111,Spring
836,12521,2013-06-17,2013,6,1,B,215,91.6,2,C11,NA,NA,NA,112,Spring
837,2552,2013-06-17,2013,6,1,C,181,55.5,2,C11,NA,NA,NA,NA,Spring
838,11731,2013-06-17,2013,6,1,C,180,57.7,2,C11,NA,NA,NA,113,Spring
839,11406,2013-06-17,2013,6,1,C,143,28.6,2,C11,NA,NA,NA,114,Spring
840,12518,2013-06-17,2013,6,1,C,252,151.8,2,C11,NA,NA,NA,115,Spring
841,11728,2013-06-17,2013,6,1,C,227,129.5,2,C11,NA,NA,NA,116,Spring
842,11715,2013-06-17,2013,6,1,C,205,87.0,2,C11,NA,NA,NA,117,Spring
843,11733,2013-06-17,2013,6,1,C,203,84.3,2,C11,NA,NA,NA,118,Spring
844,2564,2013-06-17,2013,6,1,C,193,70.5,2,C11,NA,NA,NA,NA,Spring
845,11794,2013-06-17,2013,6,1,C,239,129.2,2,C11,NA,NA,NA,119,Spring
846,11704,2013-06-17,2013,6,1,C,215,93.3,2,C11,NA,NA,NA,120,Spring
847,11790,2013-06-17,2013,6,1,C,195,76.5,2,C11,NA,NA,NA,121,Spring
848,11770,2013-06-17,2013,6,1,C,211,93.3,2,C11,NA,NA,NA,122,Spring
849,11791,2013-06-17,2013,6,1,C,175,51.6,2,C11,NA,NA,NA,123,Spring
850,11726,2013-06-17,2013,6,1,C,157,33.9,2,C11,NA,NA,NA,124,Spring
851,11788,2013-06-17,2013,6,1,C,256,174.1,2,C11,NA,NA,NA,125,Spring
852,11703,2013-06-17,2013,6,2,C,208,85.7,2,C11,NA,NA,NA,126,Spring
853,12534,2013-06-17,2013,6,2,C,250,152.2,2,C11,NA,NA,NA,127,Spring
854,11439,2013-06-17,2013,6,1,D,262,177.2,2,C11,NA,1,NA,128,Spring
855,11775,2013-06-17,2013,6,1,D,206,83.8,2,C11,NA,NA,NA,129,Spring
856,11768,2013-06-17,2013,6,1,D,202,84.1,2,C11,NA,NA,NA,130,Spring
857,11717,2013-06-17,2013,6,1,D,192,68.6,2,C11,NA,NA,NA,131,Spring
858,11742,2013-06-17,2013,6,1,D,210,88.9,2,C11,NA,NA,NA,132,Spring
859,11737,2013-06-17,2013,6,1,D,200,74.7,2,C11,NA,NA,NA,133,Spring
860,2571,2013-06-17,2013,6,1,D,204,81.3,2,C11,NA,NA,NA,NA,Spring
861,11735,2013-06-17,2013,6,1,D,195,67.3,2,C11,NA,NA,NA,134,Spring
862,2858,2013-06-17,2013,6,1,D,190,64.6,2,C11,NA,NA,NA,NA,Spring
863,11741,2013-06-17,2013,6,2,D,210,96.5,2,C11,NA,NA,NA,135,Spring
864,2569,2013-06-17,2013,6,1,E,246,168.4,2,C11,NA,NA,NA,136,Spring
865,2801,2013-06-17,2013,6,1,E,196,70.4,2,C11,NA,NA,NA,137,Spring
866,11435,2013-06-17,2013,6,1,E,182,54.2,2,C11,NA,1,NA,138,Spring
867,11767,2013-06-17,2013,6,1,E,230,121.8,2,C11,NA,NA,NA,139,Spring
868,11427,2013-06-17,2013,6,1,E,188,69.0,2,C11,NA,NA,NA,140,Spring
869,11723,2013-06-17,2013,6,1,E,227,122.5,2,C11,NA,NA,NA,141,Spring
870,11422,2013-06-17,2013,6,1,E,174,49.8,2,C11,NA,NA,NA,142,Spring
871,11755,2013-06-17,2013,6,1,E,203,74.4,2,C11,NA,NA,NA,143,Spring
872,11416,2013-06-17,2013,6,1,E,202,81.5,2,C11,NA,NA,NA,NA,Spring
873,2560,2013-06-17,2013,6,1,E,216,94.9,2,C11,NA,NA,NA,144,Spring
874,11759,2013-06-17,2013,6,1,E,226,113.3,2,C11,NA,NA,NA,145,Spring
875,11777,2013-06-17,2013,6,1,E,215,104.7,2,C11,NA,NA,NA,146,Spring
876,2859,2013-06-17,2013,6,1,E,206,78.8,2,C11,NA,NA,NA,147,Spring
877,2640,2013-06-17,2013,6,1,E,200,76.5,2,C11,NA,NA,NA,148,Spring
878,2821,2013-06-17,2013,6,1,E,181,53.6,2,C11,NA,NA,NA,149,Spring
879,11772,2013-06-17,2013,6,2,E,242,148.6,2,C11,NA,NA,NA,150,Spring
880,2863,2013-06-17,2013,6,2,E,218,99.5,2,C11,NA,NA,NA,151,Spring
881,11426,2013-06-17,2013,6,2,E,211,95.8,2,C11,NA,NA,NA,152,Spring
882,17247,2013-06-17,2013,6,1,2,280,226.7,3,C10,NA,NA,NA,153,Spring
883,11438,2013-06-17,2013,6,1,2,172,52.0,2,C11,NA,NA,NA,154,Spring
884,2872,2013-06-17,2013,6,1,2,227,115.2,2,C11,NA,NA,NA,155,Spring
885,11436,2013-06-17,2013,6,1,2,237,139.4,2,C11,NA,NA,NA,156,Spring
886,11734,2013-06-17,2013,6,1,2,201,72.4,2,C11,NA,NA,NA,157,Spring
887,11360,2013-06-17,2013,6,1,2,234,138.0,2,C11,NA,NA,NA,158,Spring
888,11698,2013-06-17,2013,6,1,2,291,236.8,3,C10,NA,NA,NA,159,Spring
889,11449,2013-06-17,2013,6,1,2,222,106.0,2,C11,NA,NA,NA,160,Spring
890,2840,2013-06-17,2013,6,1,2,245,142.2,2,C11,NA,NA,NA,161,Spring
891,11430,2013-06-17,2013,6,1,2,202,87.5,2,C11,NA,NA,NA,162,Spring
892,2852,2013-06-17,2013,6,1,2,221,114.3,2,C11,NA,NA,NA,163,Spring
893,11467,2013-06-17,2013,6,1,2,171,48.8,2,C11,NA,1,NA,164,Spring
894,11712,2013-06-17,2013,6,1,2,203,72.1,2,C11,NA,NA,NA,165,Spring
895,2826,2013-06-17,2013,6,1,2,215,94.1,2,C11,NA,NA,NA,166,Spring
896,2789,2013-06-17,2013,6,1,2,204,80.2,2,C11,NA,NA,NA,167,Spring
897,11423,2013-06-17,2013,6,2,2,163,39.3,2,C11,NA,NA,NA,168,Spring
898,2828,2013-06-17,2013,6,2,2,211,96.3,2,C11,NA,NA,NA,169,Spring
899,11420,2013-06-17,2013,6,2,2,190,71.5,2,C11,NA,NA,NA,170,Spring
900,11468,2013-06-17,2013,6,2,2,249,160.3,2,C11,NA,1,NA,171,Spring
901,16455,2013-09-14,2013,9,1,1,141,33.1,1,C12,NA,1,NA,949deforme,Autumn
902,12505,2013-09-14,2013,9,1,1,244,136.2,2,C11,NA,NA,NA,950,Autumn
903,12516,2013-09-14,2013,9,1,1,247,149.3,2,C11,NA,NA,NA,951,Autumn
904,2534,2013-09-14,2013,9,1,1,237,131.5,2,C11,NA,NA,NA,952,Autumn
905,11706,2013-09-14,2013,9,1,1,242,143.5,2,C11,NA,NA,NA,953,Autumn
906,12522,2013-09-14,2013,9,1,1,263,190.9,2,C11,NA,NA,NA,954,Autumn
907,11787,2013-09-14,2013,9,1,1,205,81.5,2,C11,NA,NA,NA,955,Autumn
908,11786,2013-09-14,2013,9,1,1,255,172.6,2,C11,NA,NA,NA,956,Autumn
909,2664,2013-09-14,2013,9,1,1,266,185.2,2,C11,NA,NA,NA,957,Autumn
910,11754,2013-09-14,2013,9,1,1,224,109.8,2,C11,NA,NA,NA,958,Autumn
911,12525,2013-09-14,2013,9,1,1,259,169.5,2,C11,NA,NA,NA,959,Autumn
912,11771,2013-09-14,2013,9,1,1,202,72.0,2,C11,NA,NA,NA,960,Autumn
913,11773,2013-09-14,2013,9,2,1,225,103.5,2,C11,NA,NA,NA,961,Autumn
914,11722,2013-09-14,2013,9,1,B,234,125.3,2,C11,NA,NA,NA,962,Autumn
915,11798,2013-09-14,2013,9,1,B,234,129.7,2,C11,NA,NA,NA,963,Autumn
916,12513,2013-09-14,2013,9,1,B,274,215.2,2,C11,NA,NA,NA,964,Autumn
917,12521,2013-09-14,2013,9,1,B,232,119.2,2,C11,NA,NA,NA,965,Autumn
918,12508,2013-09-14,2013,9,1,B,252,158.2,2,C11,NA,NA,NA,966,Autumn
919,12511,2013-09-14,2013,9,1,B,317,331.7,3,C10,NA,NA,NA,967,Autumn
920,11796,2013-09-14,2013,9,1,B,235,134.1,2,C11,NA,NA,NA,968,Autumn
921,11774,2013-09-14,2013,9,1,B,210,89.8,2,C11,NA,NA,NA,969,Autumn
922,12509,2013-09-14,2013,9,1,B,236,129.6,2,C11,NA,NA,NA,970,Autumn
923,12512,2013-09-14,2013,9,1,B,216,91.0,2,C11,NA,NA,NA,971,Autumn
924,2519,2013-09-14,2013,9,1,B,240,138.6,2,C11,NA,NA,NA,972,Autumn
926,2562,2013-09-14,2013,9,1,B,226,121.8,2,C11,NA,NA,NA,974,Autumn
927,NA,2013-09-14,2013,9,1,B,87,6.2,0,C13,NA,NA,NA,975 G1941,Autumn
928,11797,2013-09-14,2013,9,2,B,200,74.7,2,C11,NA,NA,NA,976,Autumn
929,11788,2013-09-14,2013,9,1,C,281,229.0,2,C11,NA,NA,NA,977,Autumn
930,11728,2013-09-14,2013,9,1,C,245,155.8,2,C11,NA,NA,NA,978,Autumn
931,11711,2013-09-14,2013,9,1,C,260,186.5,2,C11,NA,NA,NA,979,Autumn
932,11733,2013-09-14,2013,9,1,C,233,125.1,2,C11,NA,NA,NA,980,Autumn
933,11794,2013-09-14,2013,9,1,C,261,177.9,2,C11,NA,NA,NA,981,Autumn
934,11712,2013-09-14,2013,9,1,C,212,87.1,2,C11,NA,NA,NA,982,Autumn
935,12534,2013-09-14,2013,9,1,C,265,187.3,2,C11,NA,NA,NA,983,Autumn
936,11704,2013-09-14,2013,9,1,C,244,137.6,2,C11,NA,NA,NA,984,Autumn
937,11734,2013-09-14,2013,9,1,C,218,97.5,2,C11,NA,NA,NA,985,Autumn
938,12518,2013-09-14,2013,9,1,C,276,203.8,2,C11,NA,NA,NA,986,Autumn
939,11790,2013-09-14,2013,9,1,C,209,85.7,2,C11,NA,NA,NA,987,Autumn
940,11770,2013-09-14,2013,9,1,C,222,98.5,2,C11,NA,NA,NA,988,Autumn
941,11747,2013-09-14,2013,9,1,C,210,89.8,2,C11,NA,NA,NA,989,Autumn
942,2552,2013-09-14,2013,9,1,C,200,76.2,2,C11,NA,NA,NA,990,Autumn
943,2564,2013-09-14,2013,9,1,C,204,76.5,2,C11,NA,NA,NA,991,Autumn
944,11731,2013-09-14,2013,9,1,C,201,76.2,2,C11,NA,NA,NA,992,Autumn
945,11406,2013-09-14,2013,9,1,C,155,36.4,2,C11,NA,NA,NA,993,Autumn
946,2517,2013-09-14,2013,9,1,C,206,81.2,2,C11,NA,NA,NA,994,Autumn
947,NA,2013-09-14,2013,9,1,C,91,7.4,0,C13,NA,NA,NA,995(G1943),Autumn
948,NA,2013-09-14,2013,9,1,C,74,3.8,0,C13,NA,NA,NA,996(G2065),Autumn
949,NA,2013-09-14,2013,9,1,C,79,4.7,0,C13,NA,NA,NA,997(G1995),Autumn
950,NA,2013-09-14,2013,9,1,C,79,4.6,0,C13,NA,NA,NA,998(G1962),Autumn
951,NA,2013-09-14,2013,9,2,C,85,4.9,0,C13,NA,NA,NA,999(G2229),Autumn
952,NA,2013-09-14,2013,9,2,C,81,5.2,0,C13,NA,NA,NA,1000(G1792,Autumn
953,NA,2013-09-14,2013,9,2,C,77,4.3,0,C13,NA,NA,NA,1001(G2129,Autumn
954,NA,2013-09-14,2013,9,2,C,70,3.1,0,C13,NA,NA,NA,1002(G1760,Autumn
955,NA,2013-09-14,2013,9,2,C,78,5.4,0,C13,NA,NA,NA,1003(G1964,Autumn
956,NA,2013-09-14,2013,9,2,C,79,4.6,0,C13,NA,NA,NA,1004(G1957,Autumn
957,11439,2013-09-14,2013,9,1,D,266,183.1,2,C11,NA,NA,NA,1005,Autumn
958,11426,2013-09-14,2013,9,1,D,235,125.1,2,C11,NA,NA,NA,1006,Autumn
959,11780,2013-09-14,2013,9,1,D,222,111.2,2,C11,NA,NA,NA,1007,Autumn
960,2569,2013-09-14,2013,9,1,D,252,159.5,2,C11,NA,NA,NA,1008,Autumn
961,11416,2013-09-14,2013,9,1,D,235,125.1,2,C11,NA,NA,NA,1009,Autumn
962,16468,2013-09-14,2013,9,1,D,252,169.1,2,C11,NA,NA,NA,1010,Autumn
963,11775,2013-09-14,2013,9,1,D,218,100.7,2,C11,NA,NA,NA,1011,Autumn
964,11761,2013-09-14,2013,9,1,D,212,90.4,2,C11,NA,NA,NA,1012,Autumn
965,11742,2013-09-14,2013,9,1,D,226,106.7,2,C11,NA,NA,NA,1013,Autumn
966,2640,2013-09-14,2013,9,1,D,215,98.0,2,C11,NA,NA,NA,1014,Autumn
967,11710,2013-09-14,2013,9,1,D,238,118.1,2,C11,NA,NA,NA,1015,Autumn
968,11422,2013-09-14,2013,9,1,D,195,67.0,2,C11,NA,NA,NA,1016,Autumn
969,11755,2013-09-14,2013,9,1,D,222,101.7,2,C11,NA,NA,NA,1017,Autumn
970,11735,2013-09-14,2013,9,1,D,217,90.1,2,C11,NA,NA,NA,1018,Autumn
971,11759,2013-09-14,2013,9,1,D,255,163.5,2,C11,NA,NA,NA,1019,Autumn
972,11427,2013-09-14,2013,9,1,D,205,83.7,2,C11,NA,NA,NA,1020,Autumn
973,2571,2013-09-14,2013,9,1,D,216,92.5,2,C11,NA,NA,NA,1021,Autumn
974,NA,2013-09-14,2013,9,1,D,94,7.7,0,C13,NA,NA,NA,1022(G2142,Autumn
975,NA,2013-09-14,2013,9,2,D,81,5.0,0,C13,NA,NA,NA,1023(G2116,Autumn
976,11769,2013-09-14,2013,9,1,E,275,220.7,2,C11,NA,NA,NA,1024,Autumn
977,2560,2013-09-14,2013,9,1,E,240,125.8,2,C11,NA,NA,NA,1025,Autumn
978,11777,2013-09-14,2013,9,1,E,234,134.1,2,C11,NA,NA,NA,1026,Autumn
979,11723,2013-09-14,2013,9,1,E,250,160.8,2,C11,NA,NA,NA,1027,Autumn
980,11743,2013-09-14,2013,9,1,E,223,103.1,2,C11,NA,NA,NA,1028,Autumn
981,2859,2013-09-14,2013,9,1,E,218,91.8,2,C11,NA,NA,NA,1029,Autumn
982,11741,2013-09-14,2013,9,1,E,226,118.3,2,C11,NA,NA,NA,1030,Autumn
983,2858,2013-09-14,2013,9,1,E,211,85.9,2,C11,NA,NA,NA,1031,Autumn
984,2527,2013-09-14,2013,9,1,E,227,110.6,2,C11,NA,NA,NA,1032,Autumn
985,11703,2013-09-14,2013,9,1,E,227,112.0,2,C11,NA,NA,NA,1033,Autumn
986,2541,2013-09-14,2013,9,1,E,278,201.8,2,C11,NA,NA,NA,1034,Autumn
987,2863,2013-09-14,2013,9,1,E,236,130.3,2,C11,NA,NA,NA,1035,Autumn
988,2819,2013-09-14,2013,9,1,E,225,99.5,2,C11,NA,NA,NA,1036,Autumn
989,12507,2013-09-14,2013,9,1,E,233,110.8,2,C11,NA,NA,NA,1037,Autumn
990,2801,2013-09-14,2013,9,1,E,227,102.2,2,C11,NA,NA,NA,1038,Autumn
991,2869,2013-09-14,2013,9,1,E,198,68.3,2,C11,NA,NA,NA,1039,Autumn
992,11435,2013-09-14,2013,9,1,E,192,61.5,2,C11,NA,NA,NA,1040,Autumn
993,16401,2013-09-14,2013,9,1,E,199,68.8,2,C11,NA,NA,NA,1041,Autumn
994,2826,2013-09-14,2013,9,1,2,255,150.1,2,C11,NA,NA,NA,1042,Autumn
995,11468,2013-09-14,2013,9,1,2,291,204.8,2,C11,NA,NA,NA,1043,Autumn
996,11438,2013-09-14,2013,9,1,2,207,85.6,2,C11,NA,NA,NA,1044,Autumn
997,12542,2013-09-14,2013,9,1,2,250,143.1,2,C11,NA,NA,NA,1045,Autumn
998,11785,2013-09-14,2013,9,1,2,264,168.9,2,C11,NA,NA,NA,1046,Autumn
999,2866,2013-09-14,2013,9,1,2,296,258.7,2,C11,NA,NA,NA,1047,Autumn
1000,12502,2013-09-14,2013,9,1,2,261,171.9,2,C11,NA,NA,NA,1048,Autumn
1001,2789,2013-09-14,2013,9,1,2,225,111.5,2,C11,NA,NA,NA,1049,Autumn
1002,11772,2013-09-14,2013,9,1,2,265,168.3,2,C11,NA,NA,NA,1050,Autumn
1003,11423,2013-09-14,2013,9,1,2,187,59.4,2,C11,NA,NA,NA,1051,Autumn
1004,12520,2013-09-14,2013,9,1,2,244,146.8,2,C11,NA,NA,NA,1052,Autumn
1005,16466,2013-09-14,2013,9,1,2,226,107.4,2,C11,NA,NA,NA,1053,Autumn
1006,2821,2013-09-14,2013,9,1,2,191,59.8,2,C11,NA,NA,NA,1054,Autumn
1007,16477,2013-09-14,2013,9,1,2,231,114.8,2,C11,NA,NA,NA,1055,Autumn
1008,2852,2013-09-14,2013,9,2,2,264,173.2,2,C11,NA,NA,NA,1056,Autumn
1009,11467,2013-09-14,2013,9,2,2,202,77.3,2,C11,NA,NA,NA,1057,Autumn
1010,12502,2014-06-23,2014,6,1,A,290,248.0,3,C11,NA,NA,NA,NA,Spring
1011,2562,2014-06-23,2014,6,1,A,282,232.0,3,C11,NA,NA,NA,NA,Spring
1012,14910,2014-06-23,2014,6,2,A,161,41.4,1,C13,NA,NA,NA,NA,Spring
1013,11773,2014-06-23,2014,6,1,1,266,179.2,3,C11,NA,NA,NA,NA,Spring
1014,12522,2014-06-23,2014,6,1,1,278,216.2,3,C11,NA,NA,NA,NA,Spring
1015,14977,2014-06-23,2014,6,1,1,155,37.3,1,C13,NA,NA,NA,NA,Spring
1016,16455,2014-06-23,2014,6,1,1,172,65.3,2,C12,NA,NA,NA,deformed,Spring
1017,11760,2014-06-23,2014,6,1,1,295,249.4,3,C11,NA,NA,NA,NA,Spring
1018,14900,2014-06-23,2014,6,1,1,192,44.7,1,C13,NA,NA,NA,NA,Spring
1019,11748,2014-06-23,2014,6,1,1,296,278.1,3,C11,NA,NA,NA,NA,Spring
1020,14989,2014-06-23,2014,6,1,1,146,33.2,1,C13,NA,NA,NA,NA,Spring
1021,12508,2014-06-23,2014,6,1,B,280,213.2,3,C11,NA,NA,NA,NA,Spring
1022,14933,2014-06-23,2014,6,1,B,146,30.4,1,C13,NA,1,NA,NA,Spring
1023,11722,2014-06-23,2014,6,1,B,271,190.4,3,C11,NA,NA,NA,NA,Spring
1024,2519,2014-06-23,2014,6,1,B,272,196.3,3,C11,NA,NA,NA,NA,Spring
1025,14987,2014-06-23,2014,6,1,B,152,37.1,1,C13,NA,1,NA,NA,Spring
1026,11797,2014-06-23,2014,6,1,B,236,166.3,3,C11,NA,NA,NA,NA,Spring
1027,14902,2014-06-23,2014,6,1,B,144,30.4,1,C13,NA,1,NA,NA,Spring
1028,11774,2014-06-23,2014,6,1,B,240,152.1,3,C11,NA,NA,NA,NA,Spring
1029,14955,2014-06-23,2014,6,1,B,165,47.5,1,C13,NA,NA,NA,NA,Spring
1030,14819,2014-06-23,2014,6,1,C,141,26.9,1,C13,NA,1,NA,NA,Spring
1031,11715,2014-06-23,2014,6,1,C,274,206.8,3,C11,NA,NA,NA,NA,Spring
1032,14901,2014-06-23,2014,6,1,C,146,32.9,1,C13,NA,NA,NA,NA,Spring
1033,11733,2014-06-23,2014,6,1,C,266,187.7,3,C11,NA,NA,NA,NA,Spring
1034,15490,2014-06-23,2014,6,1,C,152,34.7,1,C13,NA,NA,NA,NA,Spring
1035,11770,2014-06-23,2014,6,1,C,262,159.3,3,C11,NA,NA,NA,NA,Spring
1036,15058,2014-06-23,2014,6,1,C,164,43.8,1,C13,NA,1,NA,NA,Spring
1037,12518,2014-06-23,2014,6,1,C,300,264.8,3,C11,NA,NA,NA,NA,Spring
1038,15046,2014-06-23,2014,6,1,C,158,37.9,1,C13,NA,1,NA,NA,Spring
1039,11731,2014-06-23,2014,6,1,C,233,124.4,3,C11,NA,NA,NA,NA,Spring
1040,15030,2014-06-23,2014,6,1,C,152,36.4,1,C13,NA,NA,NA,NA,Spring
1041,2640,2014-06-23,2014,6,1,C,237,133.9,3,C11,NA,NA,NA,NA,Spring
1042,15076,2014-06-23,2014,6,1,C,151,32.7,1,C13,NA,NA,NA,NA,Spring
1043,15045,2014-06-23,2014,6,2,C,144,30.8,1,C13,NA,1,NA,NA,Spring
1044,11710,2014-06-23,2014,6,1,D,268,195.8,3,C11,NA,NA,NA,NA,Spring
1045,11755,2014-06-23,2014,6,1,D,244,145.1,3,C11,NA,NA,NA,NA,Spring
1046,15075,2014-06-23,2014,6,1,D,140,26.9,1,C13,NA,NA,NA,NA,Spring
1047,11780,2014-06-23,2014,6,1,D,248,153.8,3,C11,NA,NA,NA,NA,Spring
1048,11741,2014-06-23,2014,6,1,D,259,177.2,3,C11,NA,NA,NA,NA,Spring
1049,15048,2014-06-23,2014,6,1,D,166,47.1,1,C13,NA,NA,NA,NA,Spring
1050,11735,2014-06-23,2014,6,1,D,256,167.4,3,C11,NA,NA,NA,NA,Spring
1051,2568,2014-06-23,2014,6,1,D,248,143.7,3,C11,NA,NA,NA,NA,Spring
1052,15016,2014-06-23,2014,6,1,D,176,58.7,1,C13,NA,NA,NA,NA,Spring
1053,2571,2014-06-23,2014,6,1,D,241,136.9,3,C11,NA,NA,NA,NA,Spring
1054,16466,2014-06-23,2014,6,1,D,259,172.1,3,C11,NA,NA,NA,NA,Spring
1055,11737,2014-06-23,2014,6,1,D,228,112.8,3,C11,NA,NA,NA,NA,Spring
1056,2666,2014-06-23,2014,6,1,D,226,111.3,3,C11,NA,NA,NA,NA,Spring
1057,11727,2014-06-23,2014,6,1,D,231,117.2,3,C11,NA,NA,NA,NA,Spring
1058,12505,2014-06-23,2014,6,2,D,292,243.1,3,C11,NA,NA,NA,NA,Spring
1059,15079,2014-06-23,2014,6,1,E,164,44.3,1,C13,NA,1,NA,NA,Spring
1060,2859,2014-06-23,2014,6,1,E,250,139.4,3,C11,NA,NA,NA,NA,Spring
1061,2819,2014-06-23,2014,6,1,E,275,205.6,3,C11,NA,NA,NA,NA,Spring
1062,11422,2014-06-23,2014,6,1,E,234,121.3,3,C11,NA,NA,NA,NA,Spring
1063,11416,2014-06-23,2014,6,1,E,269,185.4,3,C11,NA,NA,NA,NA,Spring
1064,15078,2014-06-23,2014,6,1,E,305,269.6,4,C10,NA,1,1,NA,Spring
1065,16401,2014-06-23,2014,6,1,E,231,113.8,3,C11,NA,NA,NA,NA,Spring
1066,11426,2014-06-23,2014,6,1,E,260,170.4,3,C11,NA,NA,NA,NA,Spring
1067,11743,2014-06-23,2014,6,1,E,262,161.6,3,C11,NA,NA,NA,NA,Spring
1068,2560,2014-06-23,2014,6,1,E,275,186.2,3,C11,NA,NA,NA,NA,Spring
1069,11772,2014-06-23,2014,6,1,E,268,179.1,3,C11,NA,NA,NA,NA,Spring
1070,11427,2014-06-23,2014,6,2,E,248,154.0,3,C11,NA,NA,NA,NA,Spring
1071,11702,2014-06-23,2014,6,1,2,270,177.4,3,C11,NA,NA,NA,NA,Spring
1072,2869,2014-06-23,2014,6,1,2,220,92.9,3,C11,NA,NA,NA,NA,Spring
1073,11701,2014-06-23,2014,6,1,2,240,128.3,3,C11,NA,NA,NA,NA,Spring
1074,2866,2014-06-23,2014,6,1,2,332,365.7,3,C11,NA,NA,NA,NA,Spring
1075,11769,2014-06-23,2014,6,1,2,301,255.7,3,C11,NA,NA,NA,NA,Spring
1076,17247,2014-06-23,2014,6,2,2,311,280.0,4,C10,NA,NA,NA,NA,Spring
1077,2852,2014-06-23,2014,6,2,2,290,225.2,3,C11,NA,NA,NA,NA,Spring
1078,2872,2014-06-23,2014,6,2,2,295,240.8,3,C11,NA,NA,NA,NA,Spring
1079,2828,2014-06-23,2014,6,2,2,271,203.9,3,C11,NA,NA,NA,NA,Spring
1080,2562,2014-09-04,2014,9,1,A,300,299.7,3,C11,NA,NA,NA,NA,Autumn
1081,NA,2014-09-04,2014,9,1,1,91,7.0,0,C14,NA,NA,NA,G2146,Autumn
1082,16455,2014-09-04,2014,9,1,1,200,100.8,2,C12,NA,NA,NA,deformed,Autumn
1083,14977,2014-09-04,2014,9,1,1,182,55.0,1,C13,NA,NA,NA,NA,Autumn
1084,11760,2014-09-04,2014,9,1,1,311,300.5,3,C11,NA,NA,NA,NA,Autumn
1085,15978,2014-09-04,2014,9,1,1,177,59.9,1,C13,NA,NA,NA,NA,Autumn
1086,15996,2014-09-04,2014,9,1,1,173,52.8,1,C13,NA,NA,NA,NA,Autumn
1087,15984,2014-09-04,2014,9,1,1,188,73.5,1,C13,NA,NA,NA,NA,Autumn
1088,11787,2014-09-04,2014,9,1,1,245,147.3,3,C11,NA,NA,NA,NA,Autumn
1089,11723,2014-09-04,2014,9,2,1,295,259.5,3,C11,NA,NA,NA,NA,Autumn
1090,14900,2014-09-04,2014,9,2,1,185,61.1,1,C13,NA,NA,NA,NA,Autumn
1091,12522,2014-09-04,2014,9,2,1,289,247.9,3,C11,NA,NA,NA,NA,Autumn
1092,NA,2014-09-04,2014,9,1,B,91,7.0,0,C14,NA,NA,NA,G1776,Autumn
1093,NA,2014-09-04,2014,9,1,B,95,8.3,0,C14,NA,NA,NA,G1881,Autumn
1094,14989,2014-09-04,2014,9,1,B,175,55.0,1,C13,NA,NA,NA,NA,Autumn
1095,14910,2014-09-04,2014,9,1,B,180,54.8,1,C13,NA,NA,NA,NA,Autumn
1096,14987,2014-09-04,2014,9,1,B,165,44.7,1,C13,NA,NA,NA,NA,Autumn
1097,NA,2014-09-04,2014,9,1,B,99,9.8,0,C14,NA,NA,NA,G2198,Autumn
1098,NA,2014-09-04,2014,9,1,B,91,7.4,0,C14,NA,NA,NA,G2068,Autumn
1099,11774,2014-09-04,2014,9,1,B,250,169.3,3,C11,NA,NA,NA,NA,Autumn
1100,15949,2014-09-04,2014,9,1,B,181,59.3,1,C13,NA,NA,NA,NA,Autumn
1101,11733,2014-09-04,2014,9,1,B,271,191.5,3,C11,NA,NA,NA,NA,Autumn
1102,12512,2014-09-04,2014,9,1,B,264,179.2,3,C11,NA,NA,NA,NA,Autumn
1103,14902,2014-09-04,2014,9,1,B,169,55.4,1,C13,NA,NA,NA,NA,Autumn
1104,12511,2014-09-04,2014,9,1,B,349,430.0,4,C10,NA,NA,NA,NA,Autumn
1105,12508,2014-09-04,2014,9,2,B,288,242.5,3,C11,NA,NA,NA,NA,Autumn
1106,15973,2014-09-04,2014,9,1,C,177,61.1,1,C13,NA,1,NA,NA,Autumn
1107,11731,2014-09-04,2014,9,1,C,247,156.9,3,C11,NA,NA,NA,NA,Autumn
1108,15951,2014-09-04,2014,9,1,C,181,65.1,1,C13,NA,NA,NA,NA,Autumn
1109,11791,2014-09-04,2014,9,1,C,236,132.7,3,C11,NA,NA,NA,NA,Autumn
1110,15968,2014-09-04,2014,9,1,C,158,41.2,1,C13,NA,NA,NA,NA,Autumn
1111,15076,2014-09-04,2014,9,1,C,176,52.4,1,C13,NA,NA,NA,NA,Autumn
1112,14901,2014-09-04,2014,9,1,C,171,48.2,1,C13,NA,NA,NA,NA,Autumn
1113,15991,2014-09-04,2014,9,1,C,195,77.9,1,C13,NA,NA,NA,NA,Autumn
1114,15058,2014-09-04,2014,9,1,C,192,72.5,1,C13,NA,NA,NA,NA,Autumn
1115,14819,2014-09-04,2014,9,1,C,167,44.5,1,C13,NA,NA,NA,NA,Autumn
1116,2552,2014-09-04,2014,9,1,C,238,137.3,3,C11,NA,NA,NA,NA,Autumn
1117,14933,2014-09-04,2014,9,1,C,159,36.9,1,C13,NA,NA,NA,NA,Autumn
1118,15045,2014-09-04,2014,9,1,C,164,45.1,1,C13,NA,NA,NA,NA,Autumn
1119,15030,2014-09-04,2014,9,1,C,181,57.4,1,C13,NA,NA,NA,NA,Autumn
1120,NA,2014-09-04,2014,9,1,C,89,7.0,0,C14,NA,NA,NA,G2107,Autumn
1121,NA,2014-09-04,2014,9,1,C,86,5.9,0,C14,NA,NA,NA,G3076,Autumn
1122,NA,2014-09-04,2014,9,1,C,83,5.4,0,C14,NA,NA,NA,G3075,Autumn
1123,12518,2014-09-04,2014,9,2,C,307,288.7,3,C11,NA,NA,NA,NA,Autumn
1124,15980,2014-09-04,2014,9,1,D,172,50.0,1,C13,NA,NA,NA,NA,Autumn
1125,11780,2014-09-04,2014,9,1,D,264,190.2,3,C11,NA,NA,NA,NA,Autumn
1126,2571,2014-09-04,2014,9,1,D,249,146.4,3,C11,NA,NA,NA,NA,Autumn
1127,11797,2014-09-04,2014,9,1,D,246,137.0,3,C11,NA,NA,NA,NA,Autumn
1128,11715,2014-09-04,2014,9,1,D,286,240.8,3,C11,NA,NA,NA,NA,Autumn
1129,11727,2014-09-04,2014,9,1,D,246,148.8,3,C11,NA,NA,NA,NA,Autumn
1130,11773,2014-09-04,2014,9,1,D,284,206.8,3,C11,NA,NA,NA,NA,Autumn
1131,15075,2014-09-04,2014,9,1,D,165,42.8,1,C13,NA,NA,NA,NA,Autumn
1132,11770,2014-09-04,2014,9,1,D,273,197.6,3,C11,NA,NA,NA,NA,Autumn
1133,11735,2014-09-04,2014,9,1,D,262,179.4,3,C11,NA,NA,NA,NA,Autumn
1134,11717,2014-09-04,2014,9,1,D,242,146.9,3,C11,NA,NA,NA,NA,Autumn
1135,11737,2014-09-04,2014,9,1,D,234,129.9,3,C11,NA,NA,NA,NA,Autumn
1136,11755,2014-09-04,2014,9,1,D,250,151.7,3,C11,NA,NA,NA,NA,Autumn
1137,NA,2014-09-04,2014,9,1,D,91,7.6,0,C14,NA,NA,NA,G3074,Autumn
1138,15490,2014-09-04,2014,9,2,D,169,45.4,1,C13,NA,NA,NA,NA,Autumn
1139,15960,2014-09-04,2014,9,1,E,297,247.2,3,C11,NA,1,NA,NA,Autumn
1140,2819,2014-09-04,2014,9,1,E,286,222.7,3,C11,NA,NA,NA,NA,Autumn
1141,11710,2014-09-04,2014,9,1,E,277,197.7,3,C11,NA,NA,NA,NA,Autumn
1142,2569,2014-09-04,2014,9,1,E,286,244.9,3,C11,NA,NA,NA,NA,Autumn
1143,2519,2014-09-04,2014,9,1,E,290,222.9,3,C11,NA,NA,NA,NA,Autumn
1144,11702,2014-09-04,2014,9,1,E,272,168.2,3,C11,NA,NA,NA,NA,Autumn
1145,2560,2014-09-04,2014,9,1,E,284,213.0,3,C11,NA,NA,NA,NA,Autumn
1146,15078,2014-09-04,2014,9,1,E,312,290.7,4,C10,NA,NA,NA,NA,Autumn
1147,15079,2014-09-04,2014,9,1,E,183,58.5,1,C13,NA,NA,NA,NA,Autumn
1148,11427,2014-09-04,2014,9,1,E,260,167.3,3,C11,NA,NA,NA,NA,Autumn
1149,11772,2014-09-04,2014,9,1,E,271,176.8,3,C11,NA,NA,NA,NA,Autumn
1150,11426,2014-09-04,2014,9,1,E,279,210.3,3,C11,NA,NA,NA,NA,Autumn
1151,2869,2014-09-04,2014,9,1,E,225,102.6,3,C11,NA,NA,NA,NA,Autumn
1152,2859,2014-09-04,2014,9,1,E,261,162.5,3,C11,NA,NA,NA,NA,Autumn
1153,15048,2014-09-04,2014,9,1,E,181,57.4,1,C13,NA,NA,NA,NA,Autumn
1154,15016,2014-09-04,2014,9,1,E,200,79.4,1,C13,NA,NA,NA,NA,Autumn
1155,NA,2014-09-04,2014,9,1,E,88,6.8,0,C14,NA,NA,NA,G3073,Autumn
1156,NA,2014-09-04,2014,9,1,E,87,5.9,0,C14,NA,NA,NA,G3072,Autumn
1157,NA,2014-09-04,2014,9,1,E,76,4.1,0,C14,NA,NA,NA,G3071,Autumn
1158,NA,2014-09-04,2014,9,1,E,92,7.3,0,C14,NA,NA,NA,G3070,Autumn
1159,NA,2014-09-04,2014,9,1,E,78,4.5,0,C14,NA,NA,NA,G3069,Autumn
1160,NA,2014-09-04,2014,9,1,E,77,4.2,0,C14,NA,NA,NA,G3068,Autumn
1161,NA,2014-09-04,2014,9,1,E,80,4.7,0,C14,NA,NA,NA,G3067,Autumn
1162,NA,2014-09-04,2014,9,1,E,90,7.0,0,C14,NA,NA,NA,G3066,Autumn
1163,NA,2014-09-04,2014,9,1,E,83,5.4,0,C14,NA,NA,NA,G3065,Autumn
1164,NA,2014-09-04,2014,9,1,E,81,4.9,0,C14,NA,NA,NA,G3064,Autumn
1165,NA,2014-09-04,2014,9,1,E,96,7.9,0,C14,NA,NA,NA,G3063,Autumn
1166,11701,2014-09-04,2014,9,2,E,245,135.0,3,C11,NA,NA,NA,NA,Autumn
1167,NA,2014-09-04,2014,9,2,E,84,5.1,0,C14,NA,NA,NA,G3062,Autumn
1168,NA,2014-09-04,2014,9,2,E,80,4.7,0,C14,NA,NA,NA,G3061,Autumn
1169,2852,2014-09-04,2014,9,1,2,293,237.7,3,C11,NA,NA,NA,NA,Autumn
1170,11422,2014-09-04,2014,9,1,2,248,139.4,3,C11,NA,NA,NA,NA,Autumn
1171,12537,2014-09-04,2014,9,1,2,304,282.8,3,C11,NA,NA,NA,NA,Autumn
1172,17247,2014-09-04,2014,9,1,2,316,311.2,4,C10,NA,NA,NA,NA,Autumn
1173,11416,2014-09-04,2014,9,1,2,285,211.6,3,C11,NA,NA,NA,NA,Autumn
1174,12513,2014-09-04,2014,9,1,2,319,315.6,3,C11,NA,NA,NA,NA,Autumn
1175,11748,2014-09-04,2014,9,1,2,322,313.0,3,C11,NA,NA,NA,NA,Autumn
1176,12502,2014-09-04,2014,9,1,2,294,223.9,3,C11,NA,NA,NA,NA,Autumn
1177,NA,2014-09-04,2014,9,1,2,92,7.7,0,C14,NA,NA,NA,G3060,Autumn
1178,NA,2014-09-04,2014,9,1,2,97,9.2,0,C14,NA,NA,NA,G3059,Autumn
1179,NA,2014-09-04,2014,9,1,2,97,9.1,0,C14,NA,NA,NA,G3058,Autumn
1180,NA,2014-09-04,2014,9,1,2,104,11.4,0,C14,NA,NA,NA,G3057,Autumn
1181,NA,2014-09-04,2014,9,1,2,88,6.4,0,C14,NA,NA,NA,G3056,Autumn
1182,NA,2014-09-04,2014,9,1,2,86,5.8,0,C14,NA,NA,NA,G3055,Autumn
1183,NA,2014-09-04,2014,9,1,2,93,7.2,0,C14,NA,NA,NA,G3054,Autumn
1184,NA,2014-09-04,2014,9,1,2,107,12.2,0,C14,NA,NA,NA,G3053,Autumn
1185,NA,2014-09-04,2014,9,1,2,86,6.0,0,C14,NA,NA,NA,G3052,Autumn
1186,NA,2014-09-04,2014,9,1,2,83,5.4,0,C14,NA,NA,NA,G3051,Autumn
1187,NA,2014-09-04,2014,9,1,2,86,5.9,0,C14,NA,NA,NA,G3050,Autumn
1188,NA,2014-09-04,2014,9,1,2,96,8.1,0,C14,NA,NA,NA,G3049,Autumn
1189,NA,2014-09-04,2014,9,1,2,86,6.7,0,C14,NA,NA,NA,G3048,Autumn
1190,NA,2014-09-04,2014,9,1,2,98,8.7,0,C14,NA,NA,NA,G3047,Autumn
1191,11769,2014-09-04,2014,9,1,2,315,325.9,3,C11,NA,NA,NA,NA,Autumn
1192,11430,2014-09-04,2014,9,1,2,257,166.7,3,C11,NA,NA,NA,NA,Autumn
1193,16477,2014-09-04,2014,9,1,2,295,259.4,3,C11,NA,NA,NA,NA,Autumn
1194,2821,2014-09-04,2014,9,2,2,227,100.2,3,C11,NA,NA,NA,NA,Autumn
1195,NA,2014-09-04,2014,9,2,2,92,7.7,0,C14,NA,NA,NA,G3046,Autumn
1196,NA,2014-09-04,2014,9,2,2,96,8.7,0,C14,NA,NA,NA,G3045,Autumn
1197,NA,2014-09-04,2014,9,2,2,93,7.5,0,C14,NA,NA,NA,G3044,Autumn
1198,12502,2015-06-25,2015,6,1,A,309,297.0,4,C11,NA,NA,NA,NA,Spring
1199,15978,2015-06-25,2015,6,1,A,223,110.9,2,C13,NA,NA,NA,NA,Spring
1200,11787,2015-06-25,2015,6,1,1,265,187.9,4,C11,NA,NA,NA,NA,Spring
1201,11723,2015-06-25,2015,6,1,1,315,323.2,4,C11,NA,NA,NA,NA,Spring
1202,15871,2015-06-25,2015,6,1,1,162,44.0,1,C14,NA,NA,NA,NA,Spring
1203,14933,2015-06-25,2015,6,1,1,192,67.1,2,C13,NA,NA,NA,NA,Spring
1204,15895,2015-06-25,2015,6,1,1,156,38.5,1,C14,NA,NA,NA,NA,Spring
1205,16455,2015-06-25,2015,6,1,1,235,173.0,3,C12,NA,NA,NA,deformed,Spring
1206,14900,2015-06-25,2015,6,1,1,230,119.8,2,C13,NA,NA,NA,NA,Spring
1207,11748,2015-06-25,2015,6,1,1,321,281.0,4,C11,NA,NA,NA,NA,Spring
1208,11760,2015-06-25,2015,6,1,1,340,376.4,4,C11,NA,NA,NA,NA,Spring
1209,12508,2015-06-25,2015,6,1,1,302,270.9,4,C11,NA,NA,NA,NA,Spring
1210,2519,2015-06-25,2015,6,1,1,304,277.0,4,C11,NA,NA,NA,NA,Spring
1211,11733,2015-06-25,2015,6,2,1,294,244.1,4,C11,NA,NA,NA,NA,Spring
1212,14910,2015-06-25,2015,6,2,1,222,104.5,2,C13,NA,NA,NA,NA,Spring
1213,15838,2015-06-25,2015,6,1,B,171,51.4,1,C14,NA,NA,NA,NA,Spring
1214,11770,2015-06-25,2015,6,1,B,293,237.2,4,C11,NA,NA,NA,NA,Spring
1215,15851,2015-06-25,2015,6,1,B,161,43.4,1,C14,NA,NA,NA,NA,Spring
1216,14955,2015-06-25,2015,6,1,B,230,114.6,2,C13,NA,NA,NA,NA,Spring
1217,15844,2015-06-25,2015,6,1,B,161,42.6,1,C14,NA,NA,NA,NA,Spring
1218,15951,2015-06-25,2015,6,1,B,225,121.2,2,C13,NA,NA,NA,deformedta,Spring
1219,15973,2015-06-25,2015,6,1,B,211,86.8,2,C13,NA,NA,NA,NA,Spring
1220,15897,2015-06-25,2015,6,1,C,167,45.7,1,C14,NA,1,NA,NA,Spring
1221,11791,2015-06-25,2015,6,1,C,269,199.1,4,C11,NA,NA,NA,NA,Spring
1222,15869,2015-06-25,2015,6,1,C,197,75.4,2,C13,NA,NA,NA,NA,Spring
1223,12518,2015-06-25,2015,6,1,C,324,332.2,4,C11,NA,NA,NA,NA,Spring
1224,15863,2015-06-25,2015,6,1,C,258,168.3,4,C11,NA,1,1,NA,Spring
1225,15873,2015-06-25,2015,6,1,C,169,50.3,1,C14,NA,NA,NA,NA,Spring
1226,11780,2015-06-25,2015,6,1,C,274,201.9,4,C11,NA,NA,NA,NA,Spring
1227,16477,2015-06-25,2015,6,1,D,313,306.2,4,C11,NA,NA,NA,NA,Spring
1228,2560,2015-06-25,2015,6,1,D,299,254.8,4,C11,NA,NA,NA,NA,Spring
1229,12505,2015-06-25,2015,6,1,D,307,254.7,4,C11,NA,NA,NA,NA,Spring
1230,2569,2015-06-25,2015,6,1,D,299,265.1,4,C11,NA,NA,NA,NA,Spring
1231,15078,2015-06-25,2015,6,1,D,335,371.5,5,C10,NA,NA,NA,NA,Spring
1232,11710,2015-06-25,2015,6,1,D,294,257.3,4,C11,NA,NA,NA,NA,Spring
1233,15048,2015-06-25,2015,6,1,D,211,88.7,2,C13,NA,NA,NA,NA,Spring
1234,11717,2015-06-25,2015,6,1,D,255,161.5,4,C11,NA,NA,NA,NA,Spring
1235,15046,2015-06-25,2015,6,1,D,206,88.2,2,C13,NA,NA,NA,NA,Spring
1236,15864,2015-06-25,2015,6,1,D,281,214.8,4,C11,NA,1,1,NA,Spring
1237,11743,2015-06-25,2015,6,1,D,278,192.1,4,C11,NA,NA,NA,NA,Spring
1238,15016,2015-06-25,2015,6,1,D,223,112.5,2,C13,NA,NA,NA,NA,Spring
1239,15980,2015-06-25,2015,6,1,D,225,111.1,2,C13,NA,NA,NA,NA,Spring
1240,15878,2015-06-25,2015,6,2,D,166,44.6,1,C14,NA,NA,NA,NA,Spring
1241,11755,2015-06-25,2015,6,2,D,262,181.2,4,C11,NA,NA,NA,NA,Spring
1242,15886,2015-06-25,2015,6,1,E,164,42.6,1,C14,NA,NA,NA,NA,Spring
1243,15079,2015-06-25,2015,6,1,E,220,103.2,2,C13,NA,NA,NA,NA,Spring
1244,11422,2015-06-25,2015,6,1,E,263,171.8,4,C11,NA,NA,NA,NA,Spring
1245,15841,2015-06-25,2015,6,1,E,300,250.1,4,C11,NA,1,1,NA,Spring
1246,15815,2015-06-25,2015,6,1,2,154,37.3,1,C14,NA,1,NA,NA,Spring
1247,15807,2015-06-25,2015,6,1,2,371,496.9,5,C10,NA,NA,NA,NA,Spring
1248,11797,2015-06-25,2015,6,1,2,253,141.3,4,C11,NA,NA,NA,NA,Spring
1249,15882,2015-06-25,2015,6,1,2,149,33.7,1,C14,NA,1,NA,NA,Spring
1250,15866,2015-06-25,2015,6,1,2,190,71.8,1,C14,NA,NA,NA,NA,Spring
1251,2828,2015-06-25,2015,6,1,2,297,250.6,4,C11,NA,NA,NA,NA,Spring
1252,15847,2015-06-25,2015,6,1,2,366,547.3,5,C10,NA,NA,NA,NA,Spring
1253,NA,2015-08-31,2015,8,1,A,76,4.3,0,C15,NA,NA,NA,G3043,Autumn
1254,NA,2015-08-31,2015,8,1,A,81,5.4,0,C15,NA,NA,NA,G3012,Autumn
1255,NA,2015-08-31,2015,8,1,A,93,7.2,0,C15,NA,NA,NA,G3013,Autumn
1256,NA,2015-08-31,2015,8,1,A,88,7.0,0,C15,NA,NA,NA,G3014,Autumn
1257,NA,2015-08-31,2015,8,1,A,71,3.2,0,C15,NA,NA,NA,G3015,Autumn
1258,NA,2015-08-31,2015,8,1,A,83,5.6,0,C15,NA,NA,NA,G3016,Autumn
1259,NA,2015-08-31,2015,8,1,A,70,3.3,0,C15,NA,NA,NA,G3017,Autumn
1260,NA,2015-08-31,2015,8,1,A,62,2.3,0,C15,NA,NA,NA,G3018,Autumn
1261,NA,2015-08-31,2015,8,1,A,88,6.4,0,C15,NA,NA,NA,G3019,Autumn
1262,NA,2015-08-31,2015,8,1,A,90,7.0,0,C15,NA,NA,NA,G3020,Autumn
1263,NA,2015-08-31,2015,8,1,A,84,5.5,0,C15,NA,NA,NA,G3021,Autumn
1264,NA,2015-08-31,2015,8,1,A,80,4.6,0,C15,NA,NA,NA,G3022,Autumn
1265,NA,2015-08-31,2015,8,1,A,74,3.7,0,C15,NA,NA,NA,G3023,Autumn
1266,NA,2015-08-31,2015,8,1,A,79,4.2,0,C15,NA,NA,NA,G3024,Autumn
1267,NA,2015-08-31,2015,8,1,A,80,4.2,0,C15,NA,NA,NA,G3025,Autumn
1268,NA,2015-08-31,2015,8,1,A,73,3.8,0,C15,NA,NA,NA,G3026,Autumn
1269,NA,2015-08-31,2015,8,2,A,92,7.2,0,C15,NA,NA,NA,G3027,Autumn
1270,15851,2015-08-31,2015,8,1,1,170,45.5,1,C14,NA,NA,NA,NA,Autumn
1271,11787,2015-08-31,2015,8,1,1,269,202.3,4,C11,NA,NA,NA,NA,Autumn
1272,15895,2015-08-31,2015,8,1,1,176,53.3,1,C14,NA,NA,NA,NA,Autumn
1273,18228,2015-08-31,2015,8,1,1,170,44.6,1,C14,NA,NA,NA,NA,Autumn
1274,15896,2015-08-31,2015,8,1,1,212,107.2,1,C14,NA,NA,NA,NA,Autumn
1275,15871,2015-08-31,2015,8,1,1,184,60.3,1,C14,NA,NA,NA,NA,Autumn
1276,NA,2015-08-31,2015,8,1,1,89,7.0,0,C15,NA,NA,NA,G3028,Autumn
1277,NA,2015-08-31,2015,8,1,1,80,4.7,0,C15,NA,NA,NA,G3029,Autumn
1278,NA,2015-08-31,2015,8,1,1,89,7.2,0,C15,NA,NA,NA,G3030,Autumn
1279,NA,2015-08-31,2015,8,1,1,78,4.5,0,C15,NA,NA,NA,G3031,Autumn
1280,NA,2015-08-31,2015,8,1,1,80,4.9,0,C15,NA,NA,NA,G3032,Autumn
1281,NA,2015-08-31,2015,8,1,1,88,5.9,0,C15,NA,NA,NA,G3033,Autumn
1282,NA,2015-08-31,2015,8,1,1,89,6.8,0,C15,NA,NA,NA,G3034,Autumn
1283,NA,2015-08-31,2015,8,1,1,82,4.9,0,C15,NA,NA,NA,G3035,Autumn
1284,NA,2015-08-31,2015,8,1,1,74,4.0,0,C15,NA,NA,NA,G3036,Autumn
1285,NA,2015-08-31,2015,8,1,1,70,3.1,0,C15,NA,NA,NA,G3037,Autumn
1286,NA,2015-08-31,2015,8,1,1,89,6.9,0,C15,NA,NA,NA,G3038,Autumn
1287,NA,2015-08-31,2015,8,1,1,78,4.6,0,C15,NA,NA,NA,G3038,Autumn
1288,NA,2015-08-31,2015,8,1,1,82,5.4,0,C15,NA,NA,NA,G3038,Autumn
1289,NA,2015-08-31,2015,8,1,1,89,6.3,0,C15,NA,NA,NA,G3038,Autumn
1290,NA,2015-08-31,2015,8,1,1,87,6.3,0,C15,NA,NA,NA,G3038,Autumn
1291,NA,2015-08-31,2015,8,1,1,71,3.3,0,C15,NA,NA,NA,G3038,Autumn
1292,NA,2015-08-31,2015,8,1,1,79,4.4,0,C15,NA,NA,NA,G3038,Autumn
1293,NA,2015-08-31,2015,8,1,1,78,4.3,0,C15,NA,NA,NA,G3038,Autumn
1294,NA,2015-08-31,2015,8,1,1,58,1.5,0,C15,NA,NA,NA,G3038,Autumn
1295,NA,2015-08-31,2015,8,1,1,70,3.2,0,C15,NA,NA,NA,G3038,Autumn
1296,NA,2015-08-31,2015,8,1,1,76,4.1,0,C15,NA,NA,NA,G3039,Autumn
1297,NA,2015-08-31,2015,8,1,1,90,7.0,0,C15,NA,NA,NA,G3039,Autumn
1298,NA,2015-08-31,2015,8,1,1,73,3.5,0,C15,NA,NA,NA,G3039,Autumn
1299,NA,2015-08-31,2015,8,1,1,68,2.8,0,C15,NA,NA,NA,G3039,Autumn
1300,NA,2015-08-31,2015,8,1,1,73,3.6,0,C15,NA,NA,NA,G3039 dead,Autumn
1301,NA,2015-08-31,2015,8,1,1,61,2.1,0,C15,NA,NA,NA,G3039,Autumn
1302,NA,2015-08-31,2015,8,1,1,81,5.0,0,C15,NA,NA,NA,G3039,Autumn
1303,NA,2015-08-31,2015,8,1,1,67,2.8,0,C15,NA,NA,NA,G3039,Autumn
1304,11760,2015-08-31,2015,8,1,1,342,366.7,4,C11,NA,NA,NA,NA,Autumn
1305,14900,2015-08-31,2015,8,1,1,233,104.7,2,C13,NA,NA,NA,NA,Autumn
1306,11723,2015-08-31,2015,8,1,1,317,317.9,4,C11,NA,NA,NA,NA,Autumn
1307,15996,2015-08-31,2015,8,1,1,225,105.4,2,C13,NA,NA,NA,NA,Autumn
1308,16455,2015-08-31,2015,8,1,1,246,192.9,3,C12,NA,NA,NA,deformed,Autumn
1309,NA,2015-08-31,2015,8,2,1,74,3.9,0,C15,NA,NA,NA,G3040,Autumn
1310,NA,2015-08-31,2015,8,2,1,70,2.9,0,C15,NA,NA,NA,G3040,Autumn
1311,NA,2015-08-31,2015,8,2,1,61,2.2,0,C15,NA,NA,NA,G3040,Autumn
1312,NA,2015-08-31,2015,8,2,1,63,2.3,0,C15,NA,NA,NA,G3040,Autumn
1313,NA,2015-08-31,2015,8,2,1,65,2.5,0,C15,NA,NA,NA,G3040,Autumn
1314,11748,2015-08-31,2015,8,1,B,323,298.2,4,C11,NA,NA,NA,NA,Autumn
1315,15844,2015-08-31,2015,8,1,B,174,45.6,1,C14,NA,NA,NA,NA,Autumn
1316,12508,2015-08-31,2015,8,1,B,305,266.6,4,C11,NA,NA,NA,NA,Autumn
1317,2519,2015-08-31,2015,8,1,B,312,298.3,4,C11,NA,NA,NA,NA,Autumn
1318,11797,2015-08-31,2015,8,1,B,260,169.6,4,C11,NA,NA,NA,NA,Autumn
1319,NA,2015-08-31,2015,8,1,B,69,3.0,0,C15,NA,NA,NA,G3041,Autumn
1320,NA,2015-08-31,2015,8,1,B,80,4.6,0,C15,NA,NA,NA,G3042,Autumn
1321,NA,2015-08-31,2015,8,1,B,93,8.2,0,C15,NA,NA,NA,K3,Autumn
1322,NA,2015-08-31,2015,8,1,B,77,4.5,0,C15,NA,NA,NA,K4,Autumn
1323,NA,2015-08-31,2015,8,1,B,79,4.7,0,C15,NA,NA,NA,K5,Autumn
1324,NA,2015-08-31,2015,8,1,B,71,3.3,0,C15,NA,NA,NA,K6,Autumn
1325,NA,2015-08-31,2015,8,1,B,78,4.3,0,C15,NA,NA,NA,K7,Autumn
1326,NA,2015-08-31,2015,8,1,B,77,4.2,0,C15,NA,NA,NA,K8,Autumn
1327,NA,2015-08-31,2015,8,1,B,81,5.3,0,C15,NA,NA,NA,K9,Autumn
1328,NA,2015-08-31,2015,8,1,B,84,5.7,0,C15,NA,NA,NA,K10,Autumn
1329,NA,2015-08-31,2015,8,1,B,67,2.8,0,C15,NA,NA,NA,K11,Autumn
1330,NA,2015-08-31,2015,8,1,B,62,2.4,0,C15,NA,NA,NA,K11,Autumn
1331,NA,2015-08-31,2015,8,1,B,74,3.5,0,C15,NA,NA,NA,K11,Autumn
1332,NA,2015-08-31,2015,8,1,B,88,7.0,0,C15,NA,NA,NA,K11,Autumn
1333,NA,2015-08-31,2015,8,1,B,66,2.6,0,C15,NA,NA,NA,K11,Autumn
1334,NA,2015-08-31,2015,8,1,B,72,3.5,0,C15,NA,NA,NA,K11,Autumn
1335,NA,2015-08-31,2015,8,1,B,87,7.6,0,C15,NA,NA,NA,K11,Autumn
1336,NA,2015-08-31,2015,8,2,B,75,3.9,0,C15,NA,NA,NA,K11,Autumn
1337,NA,2015-08-31,2015,8,2,B,78,4.4,0,C15,NA,NA,NA,K11,Autumn
1338,14955,2015-08-31,2015,8,2,B,236,132.4,2,C13,NA,NA,NA,NA,Autumn
1339,15046,2015-08-31,2015,8,1,C,214,90.8,2,C13,NA,NA,NA,NA,Autumn
1340,15991,2015-08-31,2015,8,1,C,246,144.6,2,C13,NA,NA,NA,NA,Autumn
1341,15873,2015-08-31,2015,8,1,C,192,70.1,1,C14,NA,NA,NA,NA,Autumn
1342,15891,2015-08-31,2015,8,1,C,151,30.3,1,C14,NA,NA,NA,NA,Autumn
1343,18224,2015-08-31,2015,8,1,C,190,63.1,1,C14,NA,1,NA,NA,Autumn
1344,12518,2015-08-31,2015,8,1,C,325,331.8,4,C11,NA,NA,NA,NA,Autumn
1345,15973,2015-08-31,2015,8,1,C,218,102.6,2,C13,NA,NA,NA,NA,Autumn
1346,15897,2015-08-31,2015,8,1,C,182,53.2,1,C14,NA,NA,NA,NA,Autumn
1347,15030,2015-08-31,2015,8,1,C,257,173.0,2,C13,NA,NA,NA,NA,Autumn
1348,NA,2015-08-31,2015,8,1,C,63,2.3,0,C15,NA,NA,NA,K12,Autumn
1349,NA,2015-08-31,2015,8,1,C,64,2.5,0,C15,NA,NA,NA,K13,Autumn
1350,NA,2015-08-31,2015,8,1,C,75,4.0,0,C15,NA,NA,NA,K14,Autumn
1351,NA,2015-08-31,2015,8,1,C,82,4.9,0,C15,NA,NA,NA,K15,Autumn
1352,NA,2015-08-31,2015,8,1,C,75,3.9,0,C15,NA,NA,NA,K16,Autumn
1353,NA,2015-08-31,2015,8,1,C,83,5.3,0,C15,NA,NA,NA,K17,Autumn
1354,NA,2015-08-31,2015,8,1,C,76,4.2,0,C15,NA,NA,NA,K18,Autumn
1355,NA,2015-08-31,2015,8,1,C,84,5.9,0,C15,NA,NA,NA,K19,Autumn
1356,NA,2015-08-31,2015,8,1,C,74,3.9,0,C15,NA,NA,NA,K20,Autumn
1357,NA,2015-08-31,2015,8,1,C,63,2.3,0,C15,NA,NA,NA,K21,Autumn
1358,NA,2015-08-31,2015,8,1,C,81,5.5,0,C15,NA,NA,NA,K22,Autumn
1359,NA,2015-08-31,2015,8,1,C,63,2.3,0,C15,NA,NA,NA,K22,Autumn
1360,NA,2015-08-31,2015,8,1,C,68,3.0,0,C15,NA,NA,NA,K22,Autumn
1361,NA,2015-08-31,2015,8,1,C,73,3.6,0,C15,NA,NA,NA,K22,Autumn
1362,NA,2015-08-31,2015,8,1,C,76,4.0,0,C15,NA,NA,NA,K22,Autumn
1363,NA,2015-08-31,2015,8,1,C,76,4.1,0,C15,NA,NA,NA,K22,Autumn
1364,NA,2015-08-31,2015,8,1,C,80,4.9,0,C15,NA,NA,NA,K22,Autumn
1365,NA,2015-08-31,2015,8,1,C,68,2.6,0,C15,NA,NA,NA,K22,Autumn
1366,NA,2015-08-31,2015,8,1,C,76,3.8,0,C15,NA,NA,NA,K22,Autumn
1367,NA,2015-08-31,2015,8,1,C,81,5.4,0,C15,NA,NA,NA,K22,Autumn
1368,NA,2015-08-31,2015,8,1,C,61,2.0,0,C15,NA,NA,NA,K23,Autumn
1369,NA,2015-08-31,2015,8,1,C,66,2.6,0,C15,NA,NA,NA,K23,Autumn
1370,NA,2015-08-31,2015,8,1,C,77,4.3,0,C15,NA,NA,NA,K23,Autumn
1371,NA,2015-08-31,2015,8,1,C,73,3.6,0,C15,NA,NA,NA,K23,Autumn
1372,NA,2015-08-31,2015,8,1,C,63,2.3,0,C15,NA,NA,NA,K23,Autumn
1373,NA,2015-08-31,2015,8,1,C,75,3.9,0,C15,NA,NA,NA,K23,Autumn
1374,NA,2015-08-31,2015,8,1,C,68,2.9,0,C15,NA,NA,NA,K23,Autumn
1375,NA,2015-08-31,2015,8,1,C,73,3.4,0,C15,NA,NA,NA,K23,Autumn
1376,NA,2015-08-31,2015,8,1,C,85,6.1,0,C15,NA,NA,NA,K23,Autumn
1377,NA,2015-08-31,2015,8,1,C,80,4.8,0,C15,NA,NA,NA,K23,Autumn
1378,NA,2015-08-31,2015,8,1,C,61,2.1,0,C15,NA,NA,NA,K23,Autumn
1379,NA,2015-08-31,2015,8,1,C,73,3.6,0,C15,NA,NA,NA,K23,Autumn
1380,NA,2015-08-31,2015,8,2,C,82,5.4,0,C15,NA,NA,NA,K24,Autumn
1381,NA,2015-08-31,2015,8,2,C,77,4.1,0,C15,NA,NA,NA,K24,Autumn
1382,NA,2015-08-31,2015,8,2,C,72,3.3,0,C15,NA,NA,NA,K24,Autumn
1383,NA,2015-08-31,2015,8,2,C,63,2.3,0,C15,NA,NA,NA,K24,Autumn
1384,NA,2015-08-31,2015,8,2,C,79,4.7,0,C15,NA,NA,NA,K24,Autumn
1385,NA,2015-08-31,2015,8,2,C,77,4.1,0,C15,NA,NA,NA,K24,Autumn
1386,NA,2015-08-31,2015,8,2,C,67,2.6,0,C15,NA,NA,NA,K24,Autumn
1387,15048,2015-08-31,2015,8,1,D,222,104.7,2,C13,NA,NA,NA,NA,Autumn
1388,11791,2015-08-31,2015,8,1,D,279,206.8,4,C11,NA,NA,NA,NA,Autumn
1389,11722,2015-08-31,2015,8,1,D,321,335.5,4,C11,NA,NA,NA,NA,Autumn
1390,15869,2015-08-31,2015,8,1,D,207,82.7,2,C13,NA,NA,NA,NA,Autumn
1391,12505,2015-08-31,2015,8,1,D,316,306.6,4,C11,NA,NA,NA,NA,Autumn
1392,15016,2015-08-31,2015,8,1,D,230,120.2,2,C13,NA,NA,NA,NA,Autumn
1393,11717,2015-08-31,2015,8,1,D,258,168.9,4,C11,NA,NA,NA,NA,Autumn
1394,15864,2015-08-31,2015,8,1,D,283,213.2,4,C11,NA,NA,NA,NA,Autumn
1395,15849,2015-08-31,2015,8,1,D,166,42.8,1,C14,NA,1,NA,NA,Autumn
1396,NA,2015-08-31,2015,8,1,D,75,3.7,0,C15,NA,NA,NA,K25,Autumn
1397,NA,2015-08-31,2015,8,1,D,76,4.0,0,C15,NA,NA,NA,K26,Autumn
1398,NA,2015-08-31,2015,8,1,D,75,4.0,0,C15,NA,NA,NA,K27,Autumn
1399,NA,2015-08-31,2015,8,1,D,74,3.6,0,C15,NA,NA,NA,K28,Autumn
1400,NA,2015-08-31,2015,8,1,D,70,3.1,0,C15,NA,NA,NA,K29,Autumn
1401,NA,2015-08-31,2015,8,1,D,85,6.0,0,C15,NA,NA,NA,K30,Autumn
1402,NA,2015-08-31,2015,8,1,D,79,4.6,0,C15,NA,NA,NA,K31,Autumn
1403,NA,2015-08-31,2015,8,1,D,66,2.6,0,C15,NA,NA,NA,K32,Autumn
1404,15863,2015-08-31,2015,8,2,D,257,165.9,4,C11,NA,NA,NA,NA,Autumn
1405,15878,2015-08-31,2015,8,2,D,179,52.0,1,C14,NA,NA,NA,NA,Autumn
1406,NA,2015-08-31,2015,8,2,D,71,3.5,0,C15,NA,NA,NA,K33,Autumn
1407,NA,2015-08-31,2015,8,2,D,77,4.3,0,C15,NA,NA,NA,K34,Autumn
1408,NA,2015-08-31,2015,8,2,D,73,3.8,0,C15,NA,NA,NA,K35,Autumn
1409,2569,2015-08-31,2015,8,1,E,299,275.6,4,C11,NA,NA,NA,NA,Autumn
1410,18185,2015-08-31,2015,8,1,E,266,166.8,4,C11,NA,1,1,NA,Autumn
1411,18223,2015-08-31,2015,8,1,E,170,47.6,1,C14,NA,NA,NA,NA,Autumn
1412,15951,2015-08-31,2015,8,1,E,232,119.8,2,C13,NA,NA,NA,NA,Autumn
1413,18165,2015-08-31,2015,8,1,E,177,52.5,1,C14,NA,NA,NA,NA,Autumn
1414,11780,2015-08-31,2015,8,1,E,277,200.6,4,C11,NA,NA,NA,NA,Autumn
1415,18153,2015-08-31,2015,8,1,E,170,48.7,1,C14,NA,1,NA,NA,Autumn
1416,11710,2015-08-31,2015,8,1,E,297,252.4,4,C11,NA,NA,NA,NA,Autumn
1417,18169,2015-08-31,2015,8,1,E,173,48.4,1,C14,NA,NA,NA,NA,Autumn
1418,2560,2015-08-31,2015,8,1,E,302,246.3,4,C11,NA,NA,NA,NA,Autumn
1419,15978,2015-08-31,2015,8,1,E,230,117.0,2,C13,NA,NA,NA,NA,Autumn
1420,15815,2015-08-31,2015,8,1,E,167,40.9,1,C14,NA,NA,NA,NA,Autumn
1421,15079,2015-08-31,2015,8,1,E,225,104.5,2,C13,NA,NA,NA,NA,Autumn
1422,15886,2015-08-31,2015,8,1,E,177,52.1,1,C14,NA,NA,NA,NA,Autumn
1423,NA,2015-08-31,2015,8,1,E,82,5.1,0,C15,NA,NA,NA,K36,Autumn
1424,NA,2015-08-31,2015,8,1,E,78,4.0,0,C15,NA,NA,NA,K37,Autumn
1425,NA,2015-08-31,2015,8,1,E,80,5.0,0,C15,NA,NA,NA,K38,Autumn
1426,NA,2015-08-31,2015,8,1,E,77,4.4,0,C15,NA,NA,NA,K39,Autumn
1427,NA,2015-08-31,2015,8,1,E,77,4.1,0,C15,NA,NA,NA,K40,Autumn
1428,NA,2015-08-31,2015,8,1,E,91,7.2,0,C15,NA,NA,NA,K41,Autumn
1429,NA,2015-08-31,2015,8,1,E,72,3.5,0,C15,NA,NA,NA,K42,Autumn
1430,NA,2015-08-31,2015,8,1,E,77,4.5,0,C15,NA,NA,NA,K43,Autumn
1431,NA,2015-08-31,2015,8,1,E,78,4.3,0,C15,NA,NA,NA,K44,Autumn
1432,NA,2015-08-31,2015,8,1,E,78,4.3,0,C15,NA,NA,NA,K45,Autumn
1433,NA,2015-08-31,2015,8,1,E,87,6.1,0,C15,NA,NA,NA,K46,Autumn
1434,NA,2015-08-31,2015,8,1,E,82,5.1,0,C15,NA,NA,NA,K46,Autumn
1435,NA,2015-08-31,2015,8,1,E,84,5.4,0,C15,NA,NA,NA,K46,Autumn
1436,NA,2015-08-31,2015,8,1,E,80,4.7,0,C15,NA,NA,NA,K46,Autumn
1437,NA,2015-08-31,2015,8,1,E,72,3.4,0,C15,NA,NA,NA,K46,Autumn
1438,NA,2015-08-31,2015,8,1,E,66,2.6,0,C15,NA,NA,NA,K46,Autumn
1439,NA,2015-08-31,2015,8,1,E,83,5.3,0,C15,NA,NA,NA,K46,Autumn
1440,NA,2015-08-31,2015,8,1,E,77,4.2,0,C15,NA,NA,NA,K46,Autumn
1441,NA,2015-08-31,2015,8,1,E,79,3.4,0,C15,NA,NA,NA,K46,Autumn
1442,NA,2015-08-31,2015,8,1,E,75,3.7,0,C15,NA,NA,NA,K46,Autumn
1443,NA,2015-08-31,2015,8,1,E,81,4.9,0,C15,NA,NA,NA,K47,Autumn
1444,NA,2015-08-31,2015,8,1,E,83,5.1,0,C15,NA,NA,NA,K48,Autumn
1445,NA,2015-08-31,2015,8,1,E,77,4.1,0,C15,NA,NA,NA,K49,Autumn
1446,NA,2015-08-31,2015,8,2,E,79,4.6,0,C15,NA,NA,NA,K50,Autumn
1447,15980,2015-08-31,2015,8,1,2,227,107.2,2,C13,NA,NA,NA,NA,Autumn
1448,11733,2015-08-31,2015,8,1,2,300,265.7,4,C11,NA,NA,NA,NA,Autumn
1449,15841,2015-08-31,2015,8,1,2,309,293.2,4,C11,NA,NA,NA,NA,Autumn
1450,11701,2015-08-31,2015,8,1,2,271,194.4,4,C11,NA,NA,NA,NA,Autumn
1451,2828,2015-08-31,2015,8,2,2,300,246.2,4,C11,NA,NA,NA,NA,Autumn
1452,15882,2015-08-31,2015,8,1,2,170,47.7,1,C14,NA,NA,NA,NA,Autumn
1453,15866,2015-08-31,2015,8,1,2,214,89.5,1,C14,NA,NA,NA,NA,Autumn
1454,NA,2015-08-31,2015,8,1,2,89,6.8,0,C15,NA,NA,NA,V28,Autumn
1455,NA,2015-08-31,2015,8,1,2,64,2.6,0,C15,NA,NA,NA,V29,Autumn
1456,NA,2015-08-31,2015,8,1,2,82,5.3,0,C15,NA,NA,NA,V30,Autumn
1457,NA,2015-08-31,2015,8,1,2,87,6.6,0,C15,NA,NA,NA,V31,Autumn
1458,NA,2015-08-31,2015,8,1,2,86,5.9,0,C15,NA,NA,NA,V32,Autumn
1459,NA,2015-08-31,2015,8,1,2,74,3.7,0,C15,NA,NA,NA,V33,Autumn
1460,NA,2015-08-31,2015,8,1,2,86,6.2,0,C15,NA,NA,NA,V34,Autumn
1461,NA,2015-08-31,2015,8,1,2,87,6.2,0,C15,NA,NA,NA,V35,Autumn
1462,NA,2015-08-31,2015,8,1,2,82,5.2,0,C15,NA,NA,NA,V36,Autumn
1463,NA,2015-08-31,2015,8,1,2,75,3.8,0,C15,NA,NA,NA,V37,Autumn
1464,NA,2015-08-31,2015,8,1,2,100,10.4,0,C15,NA,NA,NA,V39,Autumn
1465,NA,2015-08-31,2015,8,1,2,79,4.7,0,C15,NA,NA,NA,V40,Autumn
1466,NA,2015-08-31,2015,8,1,2,95,7.9,0,C15,NA,NA,NA,V41,Autumn
1467,NA,2015-08-31,2015,8,1,2,80,4.9,0,C15,NA,NA,NA,V42,Autumn
1468,NA,2015-08-31,2015,8,1,2,84,5.5,0,C15,NA,NA,NA,V43,Autumn
1469,NA,2015-08-31,2015,8,1,2,82,5.3,0,C15,NA,NA,NA,V44,Autumn
1470,NA,2015-08-31,2015,8,1,2,77,4.3,0,C15,NA,NA,NA,V45,Autumn
1471,NA,2015-08-31,2015,8,1,2,76,3.9,0,C15,NA,NA,NA,V46,Autumn
1472,NA,2015-08-31,2015,8,1,2,78,4.7,0,C15,NA,NA,NA,V47,Autumn
1473,NA,2015-08-31,2015,8,1,2,75,3.9,0,C15,NA,NA,NA,V48,Autumn
1474,NA,2015-08-31,2015,8,1,2,86,7.0,0,C15,NA,NA,NA,V49,Autumn
1475,NA,2015-08-31,2015,8,2,2,77,4.2,0,C15,NA,NA,NA,V50,Autumn
1476,NA,2015-08-31,2015,8,2,2,93,8.1,0,C15,NA,NA,NA,V50,Autumn
1477,NA,2015-08-31,2015,8,1,2,82,5.1,0,C15,NA,NA,NA,V38,Autumn
