Num,Mark,Date,Month,Year,Run,Sector,Length,Weight,Age,Cohort,Sex,adc,Tag_loss,Adip,Comment,yob,yob_cor,Cohort_cor,Age_cor,Mark_cor
139,NA,9/10/07,9,2007,1,1,72,3.5,0,C07,NA,NA,NA,Y2532_8,NA,2007,2007,C07,0,11060
254,11060,9/15/08,9,2008,1,1,123,17.5,1,C07,NA,1,NA,NA,NA,2007,2007,C07,1,11060
84,NA,9/10/07,9,2007,1,1,83,5.1,0,C07,NA,NA,NA,Y2530_7,NA,2007,2007,C07,0,11067
271,11067,9/15/08,9,2008,2,1,133,21.2,1,C07,NA,1,NA,NA,NA,2007,2007,C07,1,11067
303,11067,9/9/09,9,2009,1,1,167,43,2,C07,NA,NA,NA,NA,NA,2007,2007,C07,2,11067
171,NA,9/10/07,9,2007,2,1,69,3.1,0,C07,NA,NA,NA,Y2534_11,NA,2007,2007,C07,0,11074
270,11074,9/15/08,9,2008,2,1,154,32.4,1,C07,NA,1,NA,NA,NA,2007,2007,C07,1,11074
368,11074,9/9/09,9,2009,2,1,200,74,2,C07,NA,NA,NA,NA,NA,2007,2007,C07,2,11074
421,11074,9/13/10,9,2010,1,1,217,88,3,C07,NA,NA,NA,NA,NA,2007,2007,C07,3,11074
267,11075,9/15/08,9,2008,2,1,139,23.5,1,C07,NA,NA,NA,NA,NA,2007,2007,C07,1,11075
272,11077,9/15/08,9,2008,2,1,128,20.2,1,C07,NA,NA,NA,NA,NA,2007,2007,C07,1,11077
430,11077,9/13/10,9,2010,1,1,186,65,3,C07,NA,NA,NA,NA,NA,2007,2007,C07,3,11077
256,11081,9/15/08,9,2008,1,1,118,15.3,1,C07,NA,NA,NA,NA,NA,2007,2007,C07,1,11081
433,11081,9/13/10,9,2010,1,1,161,40,3,C07,NA,NA,NA,NA,NA,2007,2007,C07,3,11081
550,11081,9/14/11,9,2011,2,1,190,68,4,C07,NA,NA,NA,NA,NA,2007,2007,C07,4,11081
97,NA,9/10/07,9,2007,1,1,77,4.3,0,C07,NA,NA,NA,Y2531_11,NA,2007,2007,C07,0,11086
265,11086,9/15/08,9,2008,2,1,142,25.9,1,C07,NA,1,NA,NA,NA,2007,2007,C07,1,11086
252,11087,9/15/08,9,2008,1,1,132,21.6,1,C07,NA,NA,NA,NA,NA,2007,2007,C07,1,11087
269,11088,9/15/08,9,2008,2,1,143,27.2,1,C07,NA,NA,NA,NA,NA,2007,2007,C07,1,11088
64,12163,9/13/06,9,2006,2,1,122,17.1,1,C05,NA,1,NA,NA,NA,2005,2005,C05,1,12163
63,12170,9/13/06,9,2006,2,1,164,40.8,1,C05,NA,1,NA,NA,NA,2005,2005,C05,1,12170
73,12170,9/10/07,9,2007,1,1,198,72.4,2,C05,NA,NA,NA,NA,NA,2005,2005,C05,2,12170
147,NA,9/10/07,9,2007,1,1,82,5,0,C07,NA,NA,NA,Y2533_4,NA,2007,2007,C07,0,12801
184,12801,9/15/08,9,2008,1,1,118,16.4,1,C07,NA,1,NA,NA,NA,2007,2007,C07,1,12801
173,12802,9/15/08,9,2008,1,1,201,96.2,3,C05,NA,NA,NA,NA,NA,2005,2005,C05,3,12802
381,12802,9/13/10,9,2010,1,1,246,164,5,C05,NA,NA,NA,NA,NA,2005,2005,C05,5,12802
86,NA,9/10/07,9,2007,1,1,77,4.3,0,C07,NA,NA,NA,Y2530_9,NA,2007,2007,C07,0,12803
179,12803,9/15/08,9,2008,1,1,144,29.1,1,C07,NA,1,NA,NA,NA,2007,2007,C07,1,12803
90,NA,9/10/07,9,2007,1,1,70,3.2,0,C07,NA,NA,NA,Y2531_4,NA,2007,2007,C07,0,12804
182,12804,9/15/08,9,2008,1,1,134,22.5,1,C07,NA,1,NA,NA,NA,2007,2007,C07,1,12804
350,12804,9/9/09,9,2009,1,1,178,60,2,C07,NA,NA,NA,NA,NA,2007,2007,C07,2,12804
133,NA,9/10/07,9,2007,1,1,69,3.2,0,C07,NA,NA,NA,Y2532_2,NA,2007,2007,C07,0,12805
246,12805,9/15/08,9,2008,1,1,154,33.9,1,C07,NA,1,NA,NA,NA,2007,2007,C07,1,12805
353,12805,9/9/09,9,2009,1,1,178,52,2,C07,NA,NA,NA,NA,NA,2007,2007,C07,2,12805
79,NA,9/10/07,9,2007,1,1,84,5.5,0,C07,NA,NA,NA,Y2530_2,NA,2007,2007,C07,0,12807
177,12807,9/15/08,9,2008,1,1,158,37.5,1,C07,NA,1,NA,NA,NA,2007,2007,C07,1,12807
448,12807,9/13/10,9,2010,2,1,241,140,3,C07,NA,NA,NA,NA,NA,2007,2007,C07,3,12807
185,12808,9/15/08,9,2008,1,1,229,120,4,C04,NA,1,NA,NA,NA,2004,2004,C04,4,12808
299,12808,9/9/09,9,2009,1,1,245,147,5,C04,NA,NA,NA,NA,NA,2004,2004,C04,5,12808
398,12808,9/13/10,9,2010,1,1,285,247,6,C04,NA,NA,NA,NA,NA,2004,2004,C04,6,12808
175,12809,9/15/08,9,2008,1,1,183,57.7,3,C05,NA,NA,NA,NA,NA,2005,2005,C05,3,12809
248,12811,9/15/08,9,2008,1,1,121,17.1,1,C07,NA,NA,NA,NA,NA,2007,2007,C07,1,12811
371,12811,9/9/09,9,2009,2,1,160,39,2,C07,NA,NA,NA,NA,NA,2007,2007,C07,2,12811
447,12811,9/13/10,9,2010,2,1,185,61,3,C07,NA,NA,NA,NA,NA,2007,2007,C07,3,12811
183,12812,9/15/08,9,2008,1,1,138,24.9,1,C07,NA,NA,NA,NA,NA,2007,2007,C07,1,12812
356,12812,9/9/09,9,2009,1,1,171,44,2,C07,NA,NA,NA,NA,NA,2007,2007,C07,2,12812
161,NA,9/10/07,9,2007,2,1,69,2.9,0,C07,NA,NA,NA,Y2534_1,dead,2007,2007,C07,0,12813
202,12813,9/15/08,9,2008,1,1,149,32.8,1,C07,NA,1,NA,NA,NA,2007,2007,C07,1,12813
169,NA,9/10/07,9,2007,2,1,73,3.5,0,C07,NA,NA,NA,Y2534_9,NA,2007,2007,C07,0,12815
194,12815,9/15/08,9,2008,1,1,127,19.2,1,C07,NA,1,NA,NA,NA,2007,2007,C07,1,12815
357,12815,9/9/09,9,2009,1,1,172,49,2,C07,NA,NA,NA,NA,NA,2007,2007,C07,2,12815
91,NA,9/10/07,9,2007,1,1,78,4.4,0,C07,NA,NA,NA,Y2531_5,NA,2007,2007,C07,0,12816
181,12816,9/15/08,9,2008,1,1,139,25.2,1,C07,NA,1,NA,NA,NA,2007,2007,C07,1,12816
216,12818,9/15/08,9,2008,1,1,124,18.2,1,C07,NA,1,NA,NA,NA,2007,2007,C07,1,12818
348,12818,9/9/09,9,2009,1,1,170,47,2,C07,NA,NA,NA,NA,NA,2007,2007,C07,2,12818
204,12822,9/15/08,9,2008,1,1,131,21.3,1,C07,NA,NA,NA,NA,NA,2007,2007,C07,1,12822
82,NA,9/10/07,9,2007,1,1,82,5.1,0,C07,NA,NA,NA,Y2530_5,NA,2007,2007,C07,0,12823
200,12823,9/15/08,9,2008,1,1,142,25.2,1,C07,NA,1,NA,NA,NA,2007,2007,C07,1,12823
203,12824,9/15/08,9,2008,1,1,155,36.2,1,C07,NA,NA,NA,NA,NA,2007,2007,C07,1,12824
198,12825,9/15/08,9,2008,1,1,246,142.9,4,C04,NA,NA,NA,NA,NA,2004,2004,C04,4,12825
297,12825,9/9/09,9,2009,1,1,263,174,5,C04,NA,NA,NA,NA,NA,2004,2004,C04,5,12825
163,NA,9/10/07,9,2007,2,1,78,4.3,0,C07,NA,NA,NA,Y2534_3,NA,2007,2007,C07,0,12826
207,12826,9/15/08,9,2008,1,1,145,28.7,1,C07,NA,1,NA,NA,NA,2007,2007,C07,1,12826
180,12828,9/15/08,9,2008,1,1,153,32.1,1,C07,NA,NA,NA,NA,NA,2007,2007,C07,1,12828
342,12828,9/9/09,9,2009,1,1,200,74,2,C07,NA,NA,NA,NA,NA,2007,2007,C07,2,12828
396,12828,9/13/10,9,2010,1,1,240,131,3,C07,NA,NA,NA,NA,NA,2007,2007,C07,3,12828
206,12831,9/15/08,9,2008,1,1,127,19.9,1,C07,NA,NA,NA,NA,NA,2007,2007,C07,1,12831
142,NA,9/10/07,9,2007,1,1,63,2.2,0,C07,NA,NA,NA,Y2532_11,NA,2007,2007,C07,0,12839
212,12839,9/15/08,9,2008,1,1,131,21,1,C07,NA,1,NA,NA,NA,2007,2007,C07,1,12839
301,12839,9/9/09,9,2009,1,1,180,63,2,C07,NA,NA,NA,NA,NA,2007,2007,C07,2,12839
208,12840,9/15/08,9,2008,1,1,138,25.5,1,C07,NA,NA,NA,NA,NA,2007,2007,C07,1,12840
197,12842,9/15/08,9,2008,1,1,164,39.2,2,C06,NA,NA,NA,NA,NA,2006,2006,C06,2,12842
290,12842,9/9/09,9,2009,1,1,197,70,3,C06,NA,NA,NA,NA,NA,2006,2006,C06,3,12842
83,NA,9/10/07,9,2007,1,1,87,6.1,0,C07,NA,NA,NA,Y2530_6,NA,2007,2007,C07,0,12843
210,12843,9/15/08,9,2008,1,1,150,30.1,1,C07,NA,1,NA,NA,NA,2007,2007,C07,1,12843
205,12845,9/15/08,9,2008,1,1,141,25.1,1,C07,NA,NA,NA,NA,NA,2007,2007,C07,1,12845
250,12846,9/15/08,9,2008,1,1,145,28,1,C07,NA,NA,NA,NA,NA,2007,2007,C07,1,12846
168,NA,9/10/07,9,2007,2,1,75,4,0,C07,NA,NA,NA,Y2534_8,NA,2007,2007,C07,0,12847
215,12847,9/15/08,9,2008,1,1,122,16,1,C07,NA,1,NA,NA,NA,2007,2007,C07,1,12847
144,NA,9/10/07,9,2007,1,1,64,2.2,0,C07,NA,NA,NA,Y2533_1,NA,2007,2007,C07,0,12851
213,12851,9/15/08,9,2008,1,1,124,16.2,1,C07,NA,1,NA,NA,NA,2007,2007,C07,1,12851
370,12851,9/9/09,9,2009,2,1,169,41,2,C07,NA,NA,NA,NA,NA,2007,2007,C07,2,12851
170,NA,9/10/07,9,2007,2,1,66,2.7,0,C07,NA,NA,NA,Y2534_10,NA,2007,2007,C07,0,12863
214,12863,9/15/08,9,2008,1,1,122,15,1,C07,NA,1,NA,NA,NA,2007,2007,C07,1,12863
95,NA,9/10/07,9,2007,1,1,77,4.3,0,C07,NA,NA,NA,Y2531_9,NA,2007,2007,C07,0,12865
211,12865,9/15/08,9,2008,1,1,139,21.9,1,C07,NA,1,NA,NA,NA,2007,2007,C07,1,12865
112,12911,9/10/07,9,2007,1,1,151,35,2,C05,NA,1,NA,NA,NA,2005,2005,C05,2,12911
257,12911,9/15/08,9,2008,1,1,171,47.3,3,C05,NA,NA,NA,NA,NA,2005,2005,C05,3,12911
336,12911,9/9/09,9,2009,1,1,192,76,4,C05,NA,NA,NA,NA,NA,2005,2005,C05,4,12911
74,12931,9/10/07,9,2007,1,1,125,18.6,1,C06,NA,NA,NA,NA,NA,2006,2006,C06,1,12931
176,12931,9/15/08,9,2008,1,1,174,48.5,2,C06,NA,NA,NA,NA,NA,2006,2006,C06,2,12931
423,12931,9/13/10,9,2010,1,1,231,123,4,C06,NA,NA,NA,NA,NA,2006,2006,C06,4,12931
693,12931,9/10/12,9,2012,2,1,262,173.6,6,C06,NA,NA,NA,NA,NA,2006,2006,C06,6,12931
57,NA,9/13/06,9,2006,1,1,105,10.9,1,C05,NA,NA,NA,Y2248_5,NA,2005,2005,C05,1,12932
122,12932,9/10/07,9,2007,1,1,151,31.8,2,C05,NA,1,NA,NA,NA,2005,2005,C05,2,12932
243,12932,9/15/08,9,2008,1,1,176,51,3,C05,NA,NA,NA,NA,NA,2005,2005,C05,3,12932
420,12932,9/13/10,9,2010,1,1,212,98,5,C05,NA,NA,NA,NA,NA,2005,2005,C05,5,12932
511,12932,9/14/11,9,2011,1,1,224,116,6,C05,NA,NA,NA,NA,NA,2005,2005,C05,6,12932
594,12932,9/10/12,9,2012,1,1,234,118.9,7,C05,NA,NA,NA,NA,NA,2005,2005,C05,7,12932
58,NA,9/13/06,9,2006,1,1,96,8.2,1,C05,NA,NA,NA,Y2248_6,NA,2005,2005,C05,1,12941
67,12941,9/10/07,9,2007,1,1,165,40.3,2,C05,NA,1,NA,NA,NA,2005,2005,C05,2,12941
178,12941,9/15/08,9,2008,1,1,206,84.6,3,C05,NA,NA,NA,NA,NA,2005,2005,C05,3,12941
293,12941,9/9/09,9,2009,1,1,226,113,4,C05,NA,NA,NA,NA,NA,2005,2005,C05,4,12941
116,12943,9/10/07,9,2007,1,1,160,38,2,C05,NA,NA,NA,NA,NA,2005,2005,C05,2,12943
30,NA,9/13/06,9,2006,1,1,106,11.8,1,C05,NA,1,NA,Y2248_3,NA,2005,2005,C05,1,12946
118,12946,9/10/07,9,2007,1,1,133,21.8,2,C05,NA,1,NA,NA,NA,2005,2005,C05,2,12946
59,NA,9/13/06,9,2006,1,1,106,11,1,C05,NA,NA,NA,Y2248_7,NA,2005,2005,C05,1,12949
124,12949,9/10/07,9,2007,1,1,134,22.7,2,C05,NA,1,NA,NA,NA,2005,2005,C05,2,12949
126,12950,9/10/07,9,2007,1,1,158,42.1,2,C05,NA,1,NA,NA,NA,2005,2005,C05,2,12950
346,12950,9/9/09,9,2009,1,1,206,89,4,C05,NA,NA,NA,NA,NA,2005,2005,C05,4,12950
415,16955,9/13/10,9,2010,1,1,233,136,4,C06,NA,1,1,NA,NA,2006,2005,C05,5,12950
517,16955,9/14/11,9,2011,1,1,245,160,5,C06,NA,NA,NA,NA,NA,2006,2005,C05,6,12950
153,12951,9/10/07,9,2007,2,1,125,18,1,C06,NA,NA,NA,NA,NA,2006,2006,C06,1,12951
259,12951,9/15/08,9,2008,1,1,150,31.1,2,C06,NA,NA,NA,NA,NA,2006,2006,C06,2,12951
344,12951,9/9/09,9,2009,1,1,181,54,3,C06,NA,NA,NA,NA,NA,2006,2006,C06,3,12951
416,12951,9/13/10,9,2010,1,1,204,83,4,C06,NA,NA,NA,NA,NA,2006,2006,C06,4,12951
154,12953,9/10/07,9,2007,2,1,145,28.1,2,C05,NA,NA,NA,NA,NA,2005,2005,C05,2,12953
258,12953,9/15/08,9,2008,1,1,180,57.1,3,C05,NA,NA,NA,NA,NA,2005,2005,C05,3,12953
352,12953,9/9/09,9,2009,1,1,207,88,4,C05,NA,NA,NA,NA,NA,2005,2005,C05,4,12953
65,12955,9/10/07,9,2007,1,1,245,152,5,C02,NA,NA,NA,NA,NA,2002,2002,C02,5,12955
99,12957,9/10/07,9,2007,1,1,226,114.6,4,C03,NA,NA,NA,NA,NA,2003,2003,C03,4,12957
120,12959,9/10/07,9,2007,1,1,131,20.7,1,C06,NA,NA,NA,NA,NA,2006,2006,C06,1,12959
251,12959,9/15/08,9,2008,1,1,153,33.6,2,C06,NA,NA,NA,NA,NA,2006,2006,C06,2,12959
71,12960,9/10/07,9,2007,1,1,122,16.1,1,C06,NA,NA,NA,NA,NA,2006,2006,C06,1,12960
31,NA,9/13/06,9,2006,1,1,111,13.1,1,C05,NA,NA,NA,Y2248_4,NA,2005,2005,C05,1,12963
69,12963,9/10/07,9,2007,1,1,149,30.4,2,C05,NA,1,NA,NA,NA,2005,2005,C05,2,12963
209,12999,9/15/08,9,2008,1,1,129,20.1,1,C07,NA,NA,NA,NA,NA,2007,2007,C07,1,12999
712,2554,9/18/13,9,2013,1,1,155,32.9,2,C11,NA,NA,NA,1330,NA,2011,2011,C11,2,1330
713,2558,9/18/13,9,2013,1,1,180,55.1,2,C11,NA,NA,NA,1331,NA,2011,2011,C11,2,1331
714,16494,9/18/13,9,2013,1,1,127,20.1,1,C12,NA,NA,NA,1332,NA,2012,2012,C12,1,1332
715,16992,9/18/13,9,2013,1,1,199,75.4,4,C09,NA,NA,NA,1333,NA,2009,2009,C09,4,1333
716,16457,9/18/13,9,2013,1,1,142,30.5,1,C12,NA,NA,NA,1334,NA,2012,2012,C12,1,1334
718,2613,9/18/13,9,2013,1,1,292,156.9,5,C08,NA,NA,NA,1335,NA,2008,2008,C08,5,1335
717,16462,9/18/13,9,2013,1,1,132,21.8,1,C12,NA,1,NA,1336,NA,2012,2012,C12,1,1336
719,2618,9/18/13,9,2013,1,1,166,44,2,C11,NA,NA,NA,1337,NA,2011,2011,C11,2,1337
720,16469,9/18/13,9,2013,1,1,179,56.3,2,C11,NA,NA,NA,1338,NA,2011,2011,C11,2,1338
721,17031,9/18/13,9,2013,1,1,210,92,5,C08,NA,NA,NA,1339,NA,2008,2008,C08,5,1339
722,16413,9/18/13,9,2013,1,1,146,29.4,2,C11,NA,NA,NA,1340,NA,2011,2011,C11,2,1340
723,17100,9/18/13,9,2013,1,1,235,131.9,3,C10,NA,NA,NA,1341,NA,2010,2010,C10,3,1341
724,16458,9/18/13,9,2013,1,1,125,18.8,1,C12,NA,1,NA,1342,NA,2012,2012,C12,1,1342
725,16936,9/18/13,9,2013,1,1,272,205.3,5,C08,NA,NA,NA,1343,NA,2008,2008,C08,5,1343
726,16448,9/18/13,9,2013,1,1,130,20.6,1,C12,NA,1,NA,1344,NA,2012,2012,C12,1,1344
727,2590,9/18/13,9,2013,1,1,187,64.8,2,C11,NA,NA,NA,1345,NA,2011,2011,C11,2,1345
728,16461,9/18/13,9,2013,1,1,118,15.9,1,C12,NA,1,NA,1346,NA,2012,2012,C12,1,1346
729,2523,9/18/13,9,2013,1,1,147,30,2,C11,NA,NA,NA,1347,NA,2011,2011,C11,2,1347
730,16474,9/18/13,9,2013,1,1,125,18.3,1,C12,NA,1,NA,1348,NA,2012,2012,C12,1,1348
731,17141,9/18/13,9,2013,1,1,241,148.6,3,C10,NA,NA,NA,1349,NA,2010,2010,C10,3,1349
732,16472,9/18/13,9,2013,1,1,200,81.9,2,C11,NA,NA,NA,1350,NA,2011,2011,C11,2,1350
733,17906,9/18/13,9,2013,1,1,221,102.2,5,C08,NA,NA,NA,1351,NA,2008,2008,C08,5,1351
734,NA,9/18/13,9,2013,1,1,113,13.8,1,C12,NA,NA,NA,1352,NA,2012,2012,C12,1,1352
735,NA,9/18/13,9,2013,1,1,111,12.5,1,C12,NA,NA,NA,1353,NA,2012,2012,C12,1,1353
736,NA,9/18/13,9,2013,1,1,103,11,1,C12,NA,1,NA,1354,NA,2012,2012,C12,1,1354
737,NA,9/18/13,9,2013,1,1,70,3.2,0,C13,NA,NA,NA,1355,NA,2013,2013,C13,0,1355
738,NA,9/18/13,9,2013,1,1,79,4.6,0,C13,NA,NA,NA,1356,NA,2013,2013,C13,0,1356
739,NA,9/18/13,9,2013,1,1,60,2.1,0,C13,NA,NA,NA,1357,NA,2013,2013,C13,0,1357
740,NA,9/18/13,9,2013,1,1,64,2.5,0,C13,NA,NA,NA,1358,NA,2013,2013,C13,0,1358
741,NA,9/18/13,9,2013,1,1,59,2,0,C13,NA,NA,NA,1359,NA,2013,2013,C13,0,1359
742,NA,9/18/13,9,2013,1,1,71,3.2,0,C13,NA,NA,NA,1360,NA,2013,2013,C13,0,1360
NA,NA,NA,NA,2012,NA,NA,NA,NA,NA,C12,NA,NA,NA,T_092012_008,NA,2012,2012,C12,0,13601
810,13601,9/18/13,9,2013,2,1,129,19.5,1,C12,NA,1,NA,NA,NA,2012,2012,C12,1,13601
809,13602,9/18/13,9,2013,2,1,143,28.7,2,C11,NA,NA,NA,NA,NA,2011,2011,C11,2,13602
852,13602,9/2/14,9,2014,1,1,184,62.4,3,C11,NA,NA,NA,NA,NA,2011,2011,C11,3,13602
NA,NA,NA,NA,2012,NA,NA,NA,NA,NA,C12,NA,NA,NA,T_092012_006,NA,2012,2011,C11,1,13604
808,13604,9/18/13,9,2013,2,1,145,30.1,2,C11,NA,1,NA,NA,NA,2011,2011,C11,2,13604
877,13604,9/2/14,9,2014,1,1,181,61.5,3,C11,NA,NA,NA,NA,NA,2011,2011,C11,3,13604
805,13606,9/18/13,9,2013,2,1,174,54.7,2,C11,NA,NA,NA,NA,NA,2011,2011,C11,2,13606
838,13606,9/2/14,9,2014,1,1,204,80.6,3,C11,NA,NA,NA,NA,NA,2011,2011,C11,3,13606
743,NA,9/18/13,9,2013,1,1,64,2.6,0,C13,NA,NA,NA,1361,NA,2013,2013,C13,0,1361
744,NA,9/18/13,9,2013,1,1,56,1.6,0,C13,NA,NA,NA,1362,NA,2013,2013,C13,0,1362
745,NA,9/18/13,9,2013,1,1,64,2.6,0,C13,NA,NA,NA,1363,NA,2013,2013,C13,0,1363
746,NA,9/18/13,9,2013,1,1,60,2.3,0,C13,NA,NA,NA,1364,NA,2013,2013,C13,0,1364
747,NA,9/18/13,9,2013,1,1,64,2.5,0,C13,NA,NA,NA,1365,dead,2013,2013,C13,0,1365
748,16419,9/18/13,9,2013,1,1,281,212.8,5,C08,NA,NA,NA,1366,NA,2008,2008,C08,5,1366
749,16956,9/18/13,9,2013,1,1,294,267.1,6,C07,NA,NA,NA,1367,NA,2007,2007,C07,6,1367
750,16513,9/18/13,9,2013,1,1,142,25.7,2,C11,NA,1,NA,1368,NA,2011,2011,C11,2,1368
751,2617,9/18/13,9,2013,1,1,194,69,2,C11,NA,NA,NA,1369,NA,2011,2011,C11,2,1369
752,16544,9/18/13,9,2013,1,1,160,37.7,2,C11,NA,NA,NA,1370,NA,2011,2011,C11,2,1370
753,12932,9/18/13,9,2013,1,1,239,129,8,C05,NA,NA,NA,1371,NA,2005,2005,C05,8,1371
754,16361,9/18/13,9,2013,1,1,152,32.3,2,C11,NA,NA,NA,1372,NA,2011,2011,C11,2,1372
755,2524,9/18/13,9,2013,1,1,227,119.2,5,C08,NA,NA,NA,1373,NA,2008,2008,C08,5,1373
756,16305,9/18/13,9,2013,1,1,187,63.7,3,C10,NA,NA,NA,1374,NA,2010,2010,C10,3,1374
757,2533,9/18/13,9,2013,1,1,162,38.5,2,C11,NA,NA,NA,1375,NA,2011,2011,C11,2,1375
758,16449,9/18/13,9,2013,1,1,263,173.6,6,C07,NA,1,1,1376,NA,2007,2006,C06,7,1376
759,2532,9/18/13,9,2013,1,1,254,160.7,6,C07,NA,NA,NA,1377,NA,2007,2005,C05,8,1377
760,16442,9/18/13,9,2013,1,1,187,65.7,3,C10,NA,NA,NA,1378,NA,2010,2010,C10,3,1378
761,2605,9/18/13,9,2013,1,1,167,46.1,2,C11,NA,NA,NA,1379,NA,2011,2011,C11,2,1379
762,16452,9/18/13,9,2013,1,1,181,54.5,2,C11,NA,NA,NA,1380,NA,2011,2011,C11,2,1380
763,17083,9/18/13,9,2013,1,1,216,96.5,3,C10,NA,NA,NA,1381,NA,2010,2010,C10,3,1381
764,16436,9/18/13,9,2013,1,1,137,24,1,C12,NA,1,NA,1382,NA,2012,2012,C12,1,1382
765,2551,9/18/13,9,2013,1,1,157,33.9,2,C11,NA,NA,NA,1383,NA,2011,2011,C11,2,1383
766,16476,9/18/13,9,2013,1,1,170,49.1,2,C11,NA,1,NA,1384,NA,2011,2011,C11,2,1384
767,17094,9/18/13,9,2013,1,1,202,76.9,3,C10,NA,NA,NA,1385,NA,2010,2010,C10,3,1385
768,16473,9/18/13,9,2013,1,1,202,81.6,3,C10,NA,1,1,1386,NA,2010,2011,C11,2,1386
769,16968,9/18/13,9,2013,1,1,214,96.4,4,C09,NA,NA,NA,1387,NA,2009,2009,C09,4,1387
770,16499,9/18/13,9,2013,1,1,279,216.2,5,C08,NA,1,1,1388,NA,2008,2007,C07,6,1388
771,2581,9/18/13,9,2013,1,1,180,53.1,2,C11,NA,NA,NA,1389,NA,2011,2011,C11,2,1389
772,16490,9/18/13,9,2013,1,1,132,22.3,1,C12,NA,NA,NA,1390,NA,2012,2012,C12,1,1390
773,2626,9/18/13,9,2013,1,1,195,72,2,C11,NA,NA,NA,1391,NA,2011,2011,C11,2,1391
774,16402,9/18/13,9,2013,1,1,163,40.5,2,C11,NA,1,NA,1392,NA,2011,2011,C11,2,1392
775,2530,9/18/13,9,2013,1,1,165,42.7,2,C11,NA,NA,NA,1393,NA,2011,2011,C11,2,1393
776,16485,9/18/13,9,2013,1,1,130,20.7,1,C12,NA,NA,NA,1394,NA,2012,2012,C12,1,1394
777,2639,9/18/13,9,2013,1,1,180,55,2,C11,NA,NA,NA,1395,NA,2011,2011,C11,2,1395
778,16451,9/18/13,9,2013,1,1,121,16.3,1,C12,NA,NA,NA,1396,NA,2012,2012,C12,1,1396
779,17084,9/18/13,9,2013,1,1,194,69,3,C10,NA,NA,NA,1397,NA,2010,2010,C10,3,1397
780,16475,9/18/13,9,2013,1,1,155,34.4,2,C11,NA,1,NA,1398,NA,2011,2011,C11,2,1398
781,2610,9/18/13,9,2013,1,1,182,58.2,2,C11,NA,NA,NA,1399,NA,2011,2011,C11,2,1399
782,16487,9/18/13,9,2013,1,1,122,17.3,1,C12,NA,NA,NA,1400,NA,2012,2012,C12,1,1400
783,2654,9/18/13,9,2013,1,1,182,56.8,2,C11,NA,NA,NA,1401,NA,2011,2011,C11,2,1401
784,16497,9/18/13,9,2013,1,1,117,14.8,1,C12,NA,NA,NA,1402,NA,2012,2012,C12,1,1402
785,16954,9/18/13,9,2013,1,1,227,81.1,6,C07,NA,NA,NA,1403snake,NA,2007,2007,C07,6,1403snake
786,16491,9/18/13,9,2013,1,1,119,15.3,1,C12,NA,NA,NA,1404,NA,2012,2012,C12,1,1404
787,16948,9/18/13,9,2013,1,1,223,111.5,5,C08,NA,NA,NA,1405,NA,2008,2008,C08,5,1405
788,16518,9/18/13,9,2013,1,1,117,14.3,1,C12,NA,NA,NA,1406,NA,2012,2012,C12,1,1406
800,NA,9/18/13,9,2013,1,1,62,2.1,0,C13,NA,NA,NA,1407,NA,2013,2013,C13,0,1407
801,NA,9/18/13,9,2013,1,1,65,2.3,0,C13,NA,NA,NA,1408,NA,2013,2013,C13,0,1408
802,NA,9/18/13,9,2013,1,1,67,2.8,0,C13,NA,NA,NA,1409,NA,2013,2013,C13,0,1409
803,NA,9/18/13,9,2013,2,1,63,2.4,0,C13,NA,NA,NA,1410,NA,2013,2013,C13,0,1410
804,NA,9/18/13,9,2013,2,1,57,1.8,0,C13,NA,NA,NA,1411,NA,2013,2013,C13,0,1411
806,2627,9/18/13,9,2013,2,1,252,167.9,3,C10,NA,NA,NA,1412,NA,2010,2010,C10,3,1412
807,16493,9/18/13,9,2013,2,1,214,109.8,4,C09,NA,NA,NA,1413,NA,2009,2009,C09,4,1413
847,15900,9/2/14,9,2014,1,1,143,28,2,C12,NA,NA,NA,NA,NA,2012,2012,C12,2,15900
843,15902,9/2/14,9,2014,1,1,128,20.2,1,C13,NA,NA,NA,NA,NA,2013,2013,C13,1,15902
857,15906,9/2/14,9,2014,1,1,121,16.4,1,C13,NA,NA,NA,NA,NA,2013,2013,C13,1,15906
841,15907,9/2/14,9,2014,1,1,127,19.6,1,C13,NA,NA,NA,NA,NA,2013,2013,C13,1,15907
845,15908,9/2/14,9,2014,1,1,132,21.5,1,C13,NA,NA,NA,NA,NA,2013,2013,C13,1,15908
839,15911,9/2/14,9,2014,1,1,155,37.2,2,C12,NA,NA,NA,NA,NA,2012,2012,C12,2,15911
851,15912,9/2/14,9,2014,1,1,120,17.3,1,C13,NA,NA,NA,NA,NA,2013,2013,C13,1,15912
876,15913,9/2/14,9,2014,1,1,195,81.3,3,C11,NA,NA,NA,NA,NA,2011,2011,C11,3,15913
853,15915,9/2/14,9,2014,1,1,126,19,1,C13,NA,NA,NA,NA,NA,2013,2013,C13,1,15915
849,15917,9/2/14,9,2014,1,1,123,18.1,1,C13,NA,NA,NA,NA,NA,2013,2013,C13,1,15917
826,15918,9/2/14,9,2014,1,1,127,21.2,1,C13,NA,NA,NA,NA,NA,2013,2013,C13,1,15918
883,15919,9/2/14,9,2014,2,1,125,20.8,1,C13,NA,NA,NA,NA,NA,2013,2013,C13,1,15919
885,15920,9/2/14,9,2014,2,1,115,15.5,1,C13,NA,NA,NA,NA,NA,2013,2013,C13,1,15920
835,15923,9/2/14,9,2014,1,1,145,30.6,2,C12,NA,NA,NA,NA,NA,2012,2012,C12,2,15923
886,15925,9/2/14,9,2014,2,1,120,17.1,1,C13,NA,NA,NA,NA,NA,2013,2013,C13,1,15925
NA,NA,NA,NA,2013,NA,NA,NA,NA,NA,C13,NA,NA,NA,T_092013_012,NA,2013,2012,C12,1,15927
881,15927,9/2/14,9,2014,2,1,157,37,2,C12,NA,1,NA,NA,NA,2012,2012,C12,2,15927
855,15928,9/2/14,9,2014,1,1,119,15.9,1,C13,NA,NA,NA,NA,NA,2013,2013,C13,1,15928
880,15930,9/2/14,9,2014,2,1,158,41.6,2,C12,NA,NA,NA,NA,NA,2012,2012,C12,2,15930
870,15933,9/2/14,9,2014,1,1,153,37.9,2,C12,NA,NA,NA,NA,NA,2012,2012,C12,2,15933
833,15934,9/2/14,9,2014,1,1,151,34.5,2,C12,NA,NA,NA,NA,NA,2012,2012,C12,2,15934
874,15937,9/2/14,9,2014,1,1,178,59,3,C11,NA,NA,NA,NA,NA,2011,2011,C11,3,15937
830,15941,9/2/14,9,2014,1,1,146,33.1,2,C12,NA,NA,NA,NA,NA,2012,2012,C12,2,15941
837,15944,9/2/14,9,2014,1,1,155,36.7,2,C12,NA,NA,NA,NA,NA,2012,2012,C12,2,15944
NA,NA,NA,NA,2013,NA,NA,NA,NA,NA,C13,NA,NA,NA,T_092013_026,NA,2013,2013,C13,0,15947
827,15947,9/2/14,9,2014,1,1,123,17.6,1,C13,NA,1,NA,NA,NA,2013,2013,C13,1,15947
884,15957,9/2/14,9,2014,2,1,122,20,1,C13,NA,NA,NA,NA,NA,2013,2013,C13,1,15957
NA,NA,NA,NA,2013,NA,NA,NA,NA,NA,C13,NA,NA,NA,T_092013_006,NA,2013,2012,C12,1,15958
818,15958,9/2/14,9,2014,1,1,153,37.1,2,C12,NA,1,NA,NA,NA,2012,2012,C12,2,15958
NA,NA,NA,NA,2013,NA,NA,NA,NA,NA,C13,NA,NA,NA,T_092013_003,NA,2013,2012,C12,1,15959
814,15959,9/2/14,9,2014,1,1,142,25.8,2,C12,NA,1,NA,NA,NA,2012,2012,C12,2,15959
NA,NA,NA,NA,2013,NA,NA,NA,NA,NA,C13,NA,NA,NA,T_092013_025,NA,2013,2013,C13,0,15969
828,15969,9/2/14,9,2014,1,1,122,17.5,1,C13,NA,1,NA,NA,NA,2013,2013,C13,1,15969
825,15976,9/2/14,9,2014,1,1,154,35.9,2,C12,NA,NA,NA,NA,NA,2012,2012,C12,2,15976
858,15977,9/2/14,9,2014,1,1,120,16.8,1,C13,NA,NA,NA,NA,NA,2013,2013,C13,1,15977
864,15979,9/2/14,9,2014,1,1,138,27.2,2,C12,NA,NA,NA,NA,NA,2012,2012,C12,2,15979
NA,NA,NA,NA,2012,NA,NA,NA,NA,NA,C12,NA,NA,NA,T_092012_011,NA,2012,2012,C12,0,15983
824,15983,9/2/14,9,2014,1,1,160,38.9,2,C12,NA,1,NA,NA,NA,2012,2012,C12,2,15983
817,15992,9/2/14,9,2014,1,1,190,70.1,3,C11,NA,NA,NA,NA,NA,2011,2011,C11,3,15992
872,15994,9/2/14,9,2014,1,1,172,52.1,2,C12,NA,NA,NA,NA,NA,2012,2012,C12,2,15994
821,15997,9/2/14,9,2014,1,1,182,60.2,2,C12,NA,NA,NA,NA,NA,2012,2012,C12,2,15997
822,15999,9/2/14,9,2014,1,1,213,92.3,3,C11,NA,1,NA,NA,NA,2011,2011,C11,3,15999
882,16361,9/2/14,9,2014,2,1,167,46.9,3,C11,NA,NA,NA,NA,NA,2011,2011,C11,3,16361
NA,NA,NA,NA,2012,NA,NA,NA,NA,NA,C12,NA,NA,NA,T_092012_024,NA,2012,2011,C11,1,16413
844,16413,9/2/14,9,2014,1,1,191,67.4,3,C11,NA,NA,NA,NA,NA,2011,2011,C11,3,16413
869,16419,9/2/14,9,2014,1,1,285,222.6,6,C08,NA,NA,NA,NA,NA,2008,2008,C08,6,16419
NA,NA,NA,NA,2012,NA,NA,NA,NA,NA,C12,NA,NA,NA,T_092012_043,NA,2012,2012,C12,0,16436
878,16442,9/2/14,9,2014,1,1,195,80.5,4,C10,NA,NA,NA,NA,NA,2010,2010,C10,4,16442
NA,NA,NA,NA,2012,NA,NA,NA,NA,NA,C12,NA,NA,NA,T_092012_042,NA,2012,2012,C12,0,16448
865,16451,9/2/14,9,2014,1,1,159,38.6,2,C12,NA,NA,NA,NA,NA,2012,2012,C12,2,16451
NA,NA,NA,NA,2012,NA,NA,NA,NA,NA,C12,NA,NA,NA,T_092012_028,NA,2012,2012,C12,0,16458
NA,NA,NA,NA,2012,NA,NA,NA,NA,NA,C12,NA,NA,NA,T_092012_064,NA,2012,2012,C12,0,16461
NA,NA,NA,NA,2012,NA,NA,NA,NA,NA,C12,NA,NA,NA,T_092012_018,NA,2012,2012,C12,0,16462
823,16462,9/2/14,9,2014,1,1,177,54.2,2,C12,NA,NA,NA,NA,NA,2012,2012,C12,2,16462
834,16472,9/2/14,9,2014,1,1,233,126,3,C11,NA,NA,NA,NA,NA,2011,2011,C11,3,16472
NA,NA,NA,NA,2012,NA,NA,NA,NA,NA,C12,NA,NA,NA,T_092012_023,NA,2012,2012,C12,0,16474
811,16480,9/18/13,9,2013,2,1,115,14.4,1,C12,NA,NA,NA,NA,NA,2012,2012,C12,1,16480
875,16493,9/2/14,9,2014,1,1,214,103.8,5,C09,NA,NA,NA,NA,NA,2009,2009,C09,5,16493
854,16494,9/2/14,9,2014,1,1,167,45.2,2,C12,NA,NA,NA,NA,NA,2012,2012,C12,2,16494
790,16496,9/18/13,9,2013,1,1,116,14,1,C12,NA,NA,NA,NA,NA,2012,2012,C12,1,16496
867,16496,9/2/14,9,2014,1,1,141,26.8,2,C12,NA,NA,NA,NA,NA,2012,2012,C12,2,16496
NA,NA,NA,NA,2012,NA,NA,NA,NA,NA,C12,NA,NA,NA,T_092012_017,NA,2012,2011,C11,1,16513
850,16518,9/2/14,9,2014,1,1,157,36.5,2,C12,NA,NA,NA,NA,NA,2012,2012,C12,2,16518
407,16900,9/13/10,9,2010,1,1,142,30,1,C09,NA,1,NA,NA,NA,2009,2009,C09,1,16900
385,16902,9/13/10,9,2010,1,1,217,102,3,C07,NA,NA,NA,NA,NA,2007,2007,C07,3,16902
394,16903,9/13/10,9,2010,1,1,165,43,2,C08,NA,1,NA,NA,NA,2008,2008,C08,2,16903
445,16906,9/13/10,9,2010,1,1,115,15,1,C09,NA,NA,NA,NA,NA,2009,2009,C09,1,16906
518,16906,9/14/11,9,2011,1,1,156,36,2,C09,NA,NA,NA,NA,NA,2009,2009,C09,2,16906
582,2574,9/10/12,9,2012,1,1,202,84.1,3,C09,NA,1,1,NA,NA,2009,2009,C09,3,16906
444,16911,9/13/10,9,2010,1,1,130,22,1,C09,NA,NA,NA,NA,NA,2009,2009,C09,1,16911
439,16922,9/13/10,9,2010,1,1,169,47,2,C08,NA,NA,NA,NA,NA,2008,2008,C08,2,16922
404,16923,9/13/10,9,2010,1,1,188,66,2,C08,NA,NA,NA,NA,NA,2008,2008,C08,2,16923
484,16923,9/14/11,9,2011,1,1,209,95,3,C08,NA,NA,NA,NA,NA,2008,2008,C08,3,16923
562,16923,9/10/12,9,2012,1,1,235,143.3,4,C08,NA,NA,NA,NA,NA,2008,2008,C08,4,16923
406,16924,9/13/10,9,2010,1,1,129,20,1,C09,NA,NA,NA,NA,NA,2009,2009,C09,1,16924
379,16925,9/13/10,9,2010,1,1,151,34,2,C08,NA,1,NA,NA,NA,2008,2008,C08,2,16925
387,16928,9/13/10,9,2010,1,1,154,33,2,C08,NA,1,NA,NA,NA,2008,2008,C08,2,16928
451,16928,9/14/11,9,2011,1,1,192,71,3,C08,NA,NA,NA,NA,NA,2008,2008,C08,3,16928
603,16928,9/10/12,9,2012,1,1,232,118.1,4,C08,NA,NA,NA,NA,NA,2008,2008,C08,4,16928
848,16928,9/2/14,9,2014,1,1,259,157.5,6,C08,NA,NA,NA,NA,NA,2008,2008,C08,6,16928
402,16931,9/13/10,9,2010,1,1,171,47,2,C08,NA,1,NA,NA,NA,2008,2008,C08,2,16931
491,16931,9/14/11,9,2011,1,1,201,79,3,C08,NA,NA,NA,NA,NA,2008,2008,C08,3,16931
593,16931,9/10/12,9,2012,1,1,227,110,4,C08,NA,NA,NA,NA,NA,2008,2008,C08,4,16931
443,16934,9/13/10,9,2010,1,1,132,23,1,C09,NA,NA,NA,NA,NA,2009,2009,C09,1,16934
386,16936,9/13/10,9,2010,1,1,184,59,2,C08,NA,NA,NA,NA,NA,2008,2008,C08,2,16936
455,16936,9/14/11,9,2011,1,1,230,120,3,C08,NA,NA,NA,NA,NA,2008,2008,C08,3,16936
565,16936,9/10/12,9,2012,1,1,257,165.4,4,C08,NA,NA,NA,NA,NA,2008,2008,C08,4,16936
437,16938,9/13/10,9,2010,1,1,150,32,2,C08,NA,NA,NA,NA,NA,2008,2008,C08,2,16938
383,16940,9/13/10,9,2010,1,1,206,89,3,C07,NA,NA,NA,NA,NA,2007,2007,C07,3,16940
438,16945,9/13/10,9,2010,1,1,191,69,3,C07,NA,NA,NA,NA,NA,2007,2007,C07,3,16945
440,16948,9/13/10,9,2010,1,1,123,18,2,C08,NA,NA,NA,NA,NA,2008,2008,C08,2,16948
514,16948,9/14/11,9,2011,1,1,174,50,3,C08,NA,NA,NA,NA,NA,2008,2008,C08,3,16948
680,16948,9/10/12,9,2012,1,1,200,72.5,4,C08,NA,NA,NA,NA,NA,2008,2008,C08,4,16948
390,16949,9/13/10,9,2010,1,1,122,18,1,C09,NA,NA,NA,NA,NA,2009,2009,C09,1,16949
403,16952,9/13/10,9,2010,1,1,129,21,1,C09,NA,NA,NA,NA,NA,2009,2009,C09,1,16952
424,16954,9/13/10,9,2010,1,1,226,106,3,C07,NA,NA,NA,NA,NA,2007,2007,C07,3,16954
512,16954,9/14/11,9,2011,1,1,227,100,4,C07,NA,NA,NA,NA,NA,2007,2007,C07,4,16954
607,16954,9/10/12,9,2012,1,1,232,112.4,5,C07,NA,NA,NA,NA,NA,2007,2007,C07,5,16954
382,16956,9/13/10,9,2010,1,1,212,97,3,C07,NA,NA,NA,NA,NA,2007,2007,C07,3,16956
490,16956,9/14/11,9,2011,1,1,233,129,4,C07,NA,NA,NA,NA,NA,2007,2007,C07,4,16956
584,16956,9/10/12,9,2012,1,1,265,184.7,5,C07,NA,NA,NA,NA,NA,2007,2007,C07,5,16956
832,16956,9/2/14,9,2014,1,1,304,310.8,7,C07,NA,NA,NA,NA,NA,2007,2007,C07,7,16956
388,16957,9/13/10,9,2010,1,1,133,24,1,C09,NA,NA,NA,NA,NA,2009,2009,C09,1,16957
459,16957,9/14/11,9,2011,1,1,169,45,2,C09,NA,NA,NA,NA,NA,2009,2009,C09,2,16957
436,16958,9/13/10,9,2010,1,1,161,40,2,C08,NA,NA,NA,NA,NA,2008,2008,C08,2,16958
389,16962,9/13/10,9,2010,1,1,131,22,1,C09,NA,NA,NA,NA,NA,2009,2009,C09,1,16962
442,16963,9/13/10,9,2010,1,1,146,30,2,C08,NA,NA,NA,NA,NA,2008,2008,C08,2,16963
616,16963,9/10/12,9,2012,1,1,207,82,4,C08,NA,NA,NA,NA,NA,2008,2008,C08,4,16963
408,16965,9/13/10,9,2010,1,1,117,15,1,C09,NA,1,NA,NA,NA,2009,2009,C09,1,16965
409,16968,9/13/10,9,2010,1,1,115,14,1,C09,NA,NA,NA,NA,NA,2009,2009,C09,1,16968
549,16968,9/14/11,9,2011,2,1,155,34,2,C09,NA,NA,NA,NA,NA,2009,2009,C09,2,16968
668,16968,9/10/12,9,2012,1,1,187,57.6,3,C09,NA,NA,NA,NA,NA,2009,2009,C09,3,16968
427,16974,9/13/10,9,2010,1,1,182,61,2,C08,NA,NA,NA,NA,NA,2008,2008,C08,2,16974
405,16978,9/13/10,9,2010,1,1,145,28,2,C08,NA,NA,NA,NA,NA,2008,2008,C08,2,16978
441,16992,9/13/10,9,2010,1,1,125,19,1,C09,NA,NA,NA,NA,NA,2009,2009,C09,1,16992
507,16992,9/14/11,9,2011,1,1,145,29,2,C09,NA,NA,NA,NA,NA,2009,2009,C09,2,16992
604,16992,9/10/12,9,2012,1,1,162,37.3,3,C09,NA,NA,NA,NA,NA,2009,2009,C09,3,16992
446,16996,9/13/10,9,2010,2,1,165,43,2,C08,NA,NA,NA,NA,NA,2008,2008,C08,2,16996
450,17031,9/14/11,9,2011,1,1,150,36,3,C08,NA,NA,NA,NA,NA,2008,2008,C08,3,17031
576,17031,9/10/12,9,2012,1,1,181,53.2,4,C08,NA,NA,NA,NA,NA,2008,2008,C08,4,17031
454,17057,9/14/11,9,2011,1,1,208,88,3,C08,NA,NA,NA,NA,NA,2008,2008,C08,3,17057
458,17071,9/14/11,9,2011,1,1,328,368,6,C05,NA,NA,NA,NA,NA,2005,2005,C05,6,17071
481,17077,9/14/11,9,2011,1,1,131,22,1,C10,NA,NA,NA,NA,NA,2010,2010,C10,1,17077
588,17077,9/10/12,9,2012,1,1,175,53,2,C10,NA,NA,NA,NA,NA,2010,2010,C10,2,17077
502,17083,9/14/11,9,2011,1,1,138,24,1,C10,NA,1,NA,NA,NA,2010,2010,C10,1,17083
611,17083,9/10/12,9,2012,1,1,179,51.8,2,C10,NA,NA,NA,NA,NA,2010,2010,C10,2,17083
873,17083,9/2/14,9,2014,1,1,239,132,4,C10,NA,NA,NA,NA,NA,2010,2010,C10,4,17083
483,17084,9/14/11,9,2011,1,1,136,23,1,C10,NA,NA,NA,NA,NA,2010,2010,C10,1,17084
654,17084,9/10/12,9,2012,1,1,176,48.7,2,C10,NA,NA,NA,NA,NA,2010,2010,C10,2,17084
842,17084,9/2/14,9,2014,1,1,215,103,4,C10,NA,NA,NA,NA,NA,2010,2010,C10,4,17084
485,17086,9/14/11,9,2011,1,1,172,48,3,C08,NA,NA,NA,NA,NA,2008,2008,C08,3,17086
571,17086,9/10/12,9,2012,1,1,208,87.9,4,C08,NA,NA,NA,NA,NA,2008,2008,C08,4,17086
551,17094,9/14/11,9,2011,2,1,130,19,1,C10,NA,1,NA,NA,NA,2010,2010,C10,1,17094
658,17094,9/10/12,9,2012,1,1,168,40.9,2,C10,NA,NA,NA,NA,NA,2010,2010,C10,2,17094
831,17094,9/2/14,9,2014,1,1,226,115.2,4,C10,NA,NA,NA,NA,NA,2010,2010,C10,4,17094
548,17096,9/14/11,9,2011,2,1,138,25,1,C10,NA,1,NA,NA,NA,2010,2010,C10,1,17096
501,17099,9/14/11,9,2011,1,1,136,23,1,C10,NA,1,NA,NA,NA,2010,2010,C10,1,17099
489,17100,9/14/11,9,2011,1,1,134,22,1,C10,NA,NA,NA,NA,NA,2010,2010,C10,1,17100
560,17100,9/10/12,9,2012,1,1,187,63.9,2,C10,NA,NA,NA,NA,NA,2010,2010,C10,2,17100
452,17136,9/14/11,9,2011,1,1,271,228,5,C06,NA,NA,NA,NA,NA,2006,2006,C06,5,17136
456,17141,9/14/11,9,2011,1,1,147,31,1,C10,NA,1,NA,NA,NA,2010,2010,C10,1,17141
567,17141,9/10/12,9,2012,1,1,203,75.4,2,C10,NA,NA,NA,NA,NA,2010,2010,C10,2,17141
816,17141,9/2/14,9,2014,1,1,259,170.7,4,C10,NA,NA,NA,NA,NA,2010,2010,C10,4,17141
487,17166,9/14/11,9,2011,1,1,132,21,1,C10,NA,NA,NA,NA,NA,2010,2010,C10,1,17166
691,17166,9/10/12,9,2012,2,1,168,43,2,C10,NA,NA,NA,NA,NA,2010,2010,C10,2,17166
795,17166,9/18/13,9,2013,1,1,198,76.8,3,C10,NA,NA,NA,NA,NA,2010,2010,C10,3,17166
374,17830,9/9/09,9,2009,2,1,125,19,1,C08,NA,NA,NA,NA,NA,2008,2008,C08,1,17830
375,17837,9/9/09,9,2009,2,1,118,14,1,C08,NA,1,NA,NA,NA,2008,2008,C08,1,17837
360,17851,9/9/09,9,2009,1,1,115,14,1,C08,NA,NA,NA,NA,NA,2008,2008,C08,1,17851
369,17852,9/9/09,9,2009,2,1,174,56,2,C07,NA,NA,NA,NA,NA,2007,2007,C07,2,17852
372,17853,9/9/09,9,2009,2,1,120,17,1,C08,NA,NA,NA,NA,NA,2008,2008,C08,1,17853
367,17856,9/9/09,9,2009,2,1,169,47,2,C07,NA,NA,NA,NA,NA,2007,2007,C07,2,17856
435,17856,9/13/10,9,2010,1,1,190,66,3,C07,NA,NA,NA,NA,NA,2007,2007,C07,3,17856
697,2573,9/10/12,9,2012,2,1,235,130.7,4,C08,NA,1,1,NA,NA,2008,2007,C07,5,17856
365,17857,9/9/09,9,2009,2,1,205,88,2,C07,NA,NA,NA,NA,NA,2007,2007,C07,2,17857
349,17860,9/9/09,9,2009,1,1,142,27,2,C07,NA,NA,NA,NA,NA,2007,2007,C07,2,17860
359,17865,9/9/09,9,2009,1,1,126,18,1,C08,NA,NA,NA,NA,NA,2008,2008,C08,1,17865
351,17866,9/9/09,9,2009,1,1,177,51,2,C07,NA,NA,NA,NA,NA,2007,2007,C07,2,17866
347,17867,9/9/09,9,2009,1,1,155,35,2,C07,NA,NA,NA,NA,NA,2007,2007,C07,2,17867
355,17869,9/9/09,9,2009,1,1,132,22,1,C08,NA,NA,NA,NA,NA,2008,2008,C08,1,17869
341,17872,9/9/09,9,2009,1,1,220,105,3,C06,NA,NA,NA,NA,NA,2006,2006,C06,3,17872
417,17872,9/13/10,9,2010,1,1,236,135,4,C06,NA,NA,NA,NA,NA,2006,2006,C06,4,17872
506,17872,9/14/11,9,2011,1,1,247,148,5,C06,NA,NA,NA,NA,NA,2006,2006,C06,5,17872
337,17873,9/9/09,9,2009,1,1,132,22,1,C08,NA,NA,NA,NA,NA,2008,2008,C08,1,17873
354,17876,9/9/09,9,2009,1,1,123,18,1,C08,NA,NA,NA,NA,NA,2008,2008,C08,1,17876
150,NA,9/10/07,9,2007,1,1,62,2.2,0,C07,NA,NA,NA,Y2533_7,NA,2007,2007,C07,0,17877
343,17877,9/9/09,9,2009,1,1,164,44,2,C07,NA,1,NA,NA,NA,2007,2007,C07,2,17877
429,17877,9/13/10,9,2010,1,1,207,92,3,C07,NA,NA,NA,NA,NA,2007,2007,C07,3,17877
508,17877,9/14/11,9,2011,1,1,236,136,4,C07,NA,NA,NA,NA,NA,2007,2007,C07,4,17877
581,2603,9/10/12,9,2012,1,1,268,188.3,5,C07,NA,1,1,NA,NA,2007,2007,C07,5,17877
345,17878,9/9/09,9,2009,1,1,129,21,1,C08,NA,1,NA,NA,NA,2008,2008,C08,1,17878
434,17878,9/13/10,9,2010,1,1,147,30,2,C08,NA,NA,NA,NA,NA,2008,2008,C08,2,17878
516,17878,9/14/11,9,2011,1,1,190,64,3,C08,NA,NA,NA,NA,NA,2008,2008,C08,3,17878
340,17879,9/9/09,9,2009,1,1,176,54,2,C07,NA,NA,NA,NA,NA,2007,2007,C07,2,17879
335,17880,9/9/09,9,2009,1,1,135,23,1,C08,NA,NA,NA,NA,NA,2008,2008,C08,1,17880
431,17880,9/13/10,9,2010,1,1,170,47,2,C08,NA,NA,NA,NA,NA,2008,2008,C08,2,17880
503,17880,9/14/11,9,2011,1,1,220,108,3,C08,NA,NA,NA,NA,NA,2008,2008,C08,3,17880
585,2555,9/10/12,9,2012,1,1,236,121.3,4,C08,NA,1,1,NA,NA,2008,2008,C08,4,17880
313,17881,9/9/09,9,2009,1,1,118,16,1,C08,NA,1,NA,NA,NA,2008,2008,C08,1,17881
328,17884,9/9/09,9,2009,1,1,144,28,2,C07,NA,NA,NA,NA,NA,2007,2007,C07,2,17884
330,17885,9/9/09,9,2009,1,1,145,29,1,C08,NA,NA,NA,NA,NA,2008,2008,C08,1,17885
397,17885,9/13/10,9,2010,1,1,187,67,2,C08,NA,NA,NA,NA,NA,2008,2008,C08,2,17885
331,17886,9/9/09,9,2009,1,1,131,21,1,C08,NA,NA,NA,NA,NA,2008,2008,C08,1,17886
318,17887,9/9/09,9,2009,1,1,183,57,2,C07,NA,NA,NA,NA,NA,2007,2007,C07,2,17887
426,17887,9/13/10,9,2010,1,1,209,89,3,C07,NA,NA,NA,NA,NA,2007,2007,C07,3,17887
325,17888,9/9/09,9,2009,1,1,158,38,2,C07,NA,NA,NA,NA,NA,2007,2007,C07,2,17888
333,17889,9/9/09,9,2009,1,1,195,70,2,C07,NA,NA,NA,NA,NA,2007,2007,C07,2,17889
422,17889,9/13/10,9,2010,1,1,216,99,3,C07,NA,NA,NA,NA,NA,2007,2007,C07,3,17889
513,17889,9/14/11,9,2011,1,1,227,115,4,C07,NA,NA,NA,NA,NA,2007,2007,C07,4,17889
580,17889,9/10/12,9,2012,1,1,241,137.1,5,C07,NA,NA,NA,NA,NA,2007,2007,C07,5,17889
310,17892,9/9/09,9,2009,1,1,116,15,1,C08,NA,NA,NA,NA,NA,2008,2008,C08,1,17892
292,17894,9/9/09,9,2009,1,1,200,76,2,C07,NA,NA,NA,NA,NA,2007,2007,C07,2,17894
309,17897,9/9/09,9,2009,1,1,124,19,1,C08,NA,NA,NA,NA,NA,2008,2008,C08,1,17897
304,17900,9/9/09,9,2009,1,1,123,17,1,C08,NA,NA,NA,NA,NA,2008,2008,C08,1,17900
307,17902,9/9/09,9,2009,1,1,131,22,1,C08,NA,1,NA,NA,NA,2008,2008,C08,1,17902
298,17904,9/9/09,9,2009,1,1,124,19,1,C08,NA,1,NA,NA,NA,2008,2008,C08,1,17904
305,17905,9/9/09,9,2009,1,1,140,27,1,C08,NA,1,NA,NA,NA,2008,2008,C08,1,17905
400,17905,9/13/10,9,2010,1,1,190,75,2,C08,NA,NA,NA,NA,NA,2008,2008,C08,2,17905
488,17905,9/14/11,9,2011,1,1,235,139,3,C08,NA,NA,NA,NA,NA,2008,2008,C08,3,17905
306,17906,9/9/09,9,2009,1,1,130,22,1,C08,NA,NA,NA,NA,NA,2008,2008,C08,1,17906
399,17906,9/13/10,9,2010,1,1,171,47,2,C08,NA,NA,NA,NA,NA,2008,2008,C08,2,17906
482,17906,9/14/11,9,2011,1,1,200,80,3,C08,NA,NA,NA,NA,NA,2008,2008,C08,3,17906
614,17906,9/10/12,9,2012,1,1,219,100.6,4,C08,NA,NA,NA,NA,NA,2008,2008,C08,4,17906
308,17907,9/9/09,9,2009,1,1,121,17,1,C08,NA,NA,NA,NA,NA,2008,2008,C08,1,17907
172,NA,9/10/07,9,2007,2,1,74,3.7,0,C07,NA,NA,NA,Y2534_12,NA,2007,2007,C07,0,17911
300,17911,9/9/09,9,2009,1,1,152,33,2,C07,NA,1,NA,NA,NA,2007,2007,C07,2,17911
296,17912,9/9/09,9,2009,1,1,183,59,2,C07,NA,NA,NA,NA,NA,2007,2007,C07,2,17912
401,17912,9/13/10,9,2010,1,1,214,99,3,C07,NA,NA,NA,NA,NA,2007,2007,C07,3,17912
288,17913,9/9/09,9,2009,1,1,197,84,2,C07,NA,NA,NA,NA,NA,2007,2007,C07,2,17913
432,17913,9/13/10,9,2010,1,1,230,120,3,C07,NA,NA,NA,NA,NA,2007,2007,C07,3,17913
486,17913,9/14/11,9,2011,1,1,259,184,4,C07,NA,NA,NA,NA,NA,2007,2007,C07,4,17913
289,17914,9/9/09,9,2009,1,1,224,109,4,C05,NA,NA,NA,NA,NA,2005,2005,C05,4,17914
287,17915,9/9/09,9,2009,1,1,275,202,5,C04,NA,NA,NA,NA,NA,2004,2004,C04,5,17915
395,17915,9/13/10,9,2010,1,1,290,225,6,C04,NA,NA,NA,NA,NA,2004,2004,C04,6,17915
505,17915,9/14/11,9,2011,1,1,298,257,7,C04,NA,NA,NA,NA,NA,2004,2004,C04,7,17915
291,17917,9/9/09,9,2009,1,1,254,170,3,C06,NA,NA,NA,NA,NA,2006,2006,C06,3,17917
311,17918,9/9/09,9,2009,1,1,121,16,1,C08,NA,NA,NA,NA,NA,2008,2008,C08,1,17918
96,NA,9/10/07,9,2007,1,1,82,4.8,0,C07,NA,NA,NA,Y2531_10,NA,2007,2007,C07,0,17920
294,17920,9/9/09,9,2009,1,1,160,38,2,C07,NA,1,NA,NA,NA,2007,2007,C07,2,17920
384,17920,9/13/10,9,2010,1,1,195,73,3,C07,NA,NA,NA,NA,NA,2007,2007,C07,3,17920
457,17920,9/14/11,9,2011,1,1,215,102,4,C07,NA,NA,NA,NA,NA,2007,2007,C07,4,17920
555,17920,9/10/12,9,2012,1,1,225,113.1,5,C07,NA,NA,NA,NA,NA,2007,2007,C07,5,17920
317,17924,9/9/09,9,2009,1,1,298,265,6,C03,NA,NA,NA,NA,NA,2003,2003,C03,6,17924
324,17937,9/9/09,9,2009,1,1,137,25,1,C08,NA,NA,NA,NA,NA,2008,2008,C08,1,17937
428,17937,9/13/10,9,2010,1,1,174,49,2,C08,NA,NA,NA,NA,NA,2008,2008,C08,2,17937
515,17937,9/14/11,9,2011,1,1,206,88,3,C08,NA,NA,NA,NA,NA,2008,2008,C08,3,17937
638,17937,9/10/12,9,2012,1,1,218,105.7,4,C08,NA,NA,NA,NA,NA,2008,2008,C08,4,17937
312,17943,9/9/09,9,2009,1,1,119,19,1,C08,NA,NA,NA,NA,NA,2008,2008,C08,1,17943
509,17963,9/14/11,9,2011,1,1,178,53,3,C08,NA,NA,NA,NA,NA,2008,2008,C08,3,17963
302,17986,9/9/09,9,2009,1,1,136,26,1,C08,NA,1,NA,NA,NA,2008,2008,C08,1,17986
380,17986,9/13/10,9,2010,1,1,186,59,2,C08,NA,NA,NA,NA,NA,2008,2008,C08,2,17986
453,17986,9/14/11,9,2011,1,1,230,118,3,C08,NA,NA,NA,NA,NA,2008,2008,C08,3,17986
38,1860,9/13/06,9,2006,1,1,172,45.5,3,C03,NA,NA,NA,NA,NA,2003,2003,C03,3,1860
123,1860,9/10/07,9,2007,1,1,195,71.1,4,C03,NA,NA,NA,NA,NA,2003,2003,C03,4,1860
NA,NA,NA,NA,2003,NA,NA,NA,NA,NA,U,NA,NA,NA,T_092003_104,NA,NA,2002,C02,1,1861
39,1861,9/13/06,9,2006,1,1,228,113.4,4,C02,NA,1,NA,NA,NA,2002,2002,C02,4,1861
125,1861,9/10/07,9,2007,1,1,240,130.4,5,C02,NA,NA,NA,NA,NA,2002,2002,C02,5,1861
43,1862,9/13/06,9,2006,1,1,217,96.3,4,C02,NA,NA,NA,NA,NA,2002,2002,C02,4,1862
156,1862,9/10/07,9,2007,2,1,244,138.4,5,C02,NA,NA,NA,NA,NA,2002,2002,C02,5,1862
62,1863,9/13/06,9,2006,2,1,255,155.7,5,C01,NA,1,NA,NA,NA,2001,2001,C01,5,1863
44,1864,9/13/06,9,2006,1,1,223,105.1,4,C02,NA,1,NA,NA,NA,2002,2002,C02,4,1864
15,1866,9/13/06,9,2006,1,1,183,57.2,2,C04,NA,1,NA,NA,NA,2004,2004,C04,2,1866
127,1866,9/10/07,9,2007,1,1,196,69,3,C04,NA,NA,NA,NA,NA,2004,2004,C04,3,1866
52,1867,9/13/06,9,2006,1,1,207,90.5,3,C03,NA,1,NA,NA,NA,2003,2003,C03,3,1867
107,1867,9/10/07,9,2007,1,1,238,131.6,4,C03,NA,NA,NA,NA,NA,2003,2003,C03,4,1867
241,1867,9/15/08,9,2008,1,1,260,170.4,5,C03,NA,NA,NA,NA,NA,2003,2003,C03,5,1867
334,1867,9/9/09,9,2009,1,1,267,183,6,C03,NA,NA,NA,NA,NA,2003,2003,C03,6,1867
NA,NA,NA,NA,2003,NA,NA,NA,NA,NA,U,NA,NA,NA,T_092003_086,NA,NA,2002,C02,1,1869
3,1869,9/13/06,9,2006,1,1,241,133.7,4,C02,NA,1,NA,NA,NA,2002,2002,C02,4,1869
NA,NA,NA,NA,2003,NA,NA,NA,NA,NA,U,NA,NA,NA,T_092003_030,NA,NA,2002,C02,1,1870
19,1870,9/13/06,9,2006,1,1,244,146.9,4,C02,NA,1,NA,NA,NA,2002,2002,C02,4,1870
114,1870,9/10/07,9,2007,1,1,251,154.9,5,C02,NA,NA,NA,NA,NA,2002,2002,C02,5,1870
18,1871,9/13/06,9,2006,1,1,192,69.4,2,C04,NA,1,NA,NA,NA,2004,2004,C04,2,1871
111,1871,9/10/07,9,2007,1,1,217,97.7,3,C04,NA,NA,NA,NA,NA,2004,2004,C04,3,1871
249,1871,9/15/08,9,2008,1,1,223,104.7,4,C04,NA,NA,NA,NA,NA,2004,2004,C04,4,1871
339,1871,9/9/09,9,2009,1,1,231,120,5,C04,NA,NA,NA,NA,NA,2004,2004,C04,5,1871
NA,NA,NA,NA,2003,NA,NA,NA,NA,NA,U,NA,NA,NA,T_092003_034,NA,NA,2003,C03,0,1873
42,1873,9/13/06,9,2006,1,1,206,84.3,3,C03,NA,1,NA,NA,NA,2003,2003,C03,3,1873
10,1875,9/13/06,9,2006,1,1,164,23.3,1,C05,NA,1,NA,NA,NA,2005,2005,C05,1,1875
70,1875,9/10/07,9,2007,1,1,200,80,2,C05,NA,NA,NA,NA,NA,2005,2005,C05,2,1875
25,1877,9/13/06,9,2006,1,1,120,15.4,1,C05,NA,NA,NA,NA,NA,2005,2005,C05,1,1877
158,1877,9/10/07,9,2007,2,1,158,36.1,2,C05,NA,NA,NA,NA,NA,2005,2005,C05,2,1877
373,1877,9/9/09,9,2009,2,1,199,79,4,C05,NA,NA,NA,NA,NA,2005,2005,C05,4,1877
418,1877,9/13/10,9,2010,1,1,238,138,5,C05,NA,NA,NA,NA,NA,2005,2005,C05,5,1877
510,1877,9/14/11,9,2011,1,1,250,164,6,C05,NA,NA,NA,NA,NA,2005,2005,C05,6,1877
597,2532,9/10/12,9,2012,1,1,252,151.6,5,C07,NA,1,1,NA,NA,2007,2005,C05,7,1877
36,1878,9/13/06,9,2006,1,1,187,60,3,C03,NA,1,NA,NA,NA,2003,2003,C03,3,1878
247,1878,9/15/08,9,2008,1,1,221,108.2,5,C03,NA,NA,NA,NA,NA,2003,2003,C03,5,1878
21,1890,9/13/06,9,2006,1,1,153,35.8,2,C04,NA,NA,NA,NA,NA,2004,2004,C04,2,1890
66,1890,9/10/07,9,2007,1,1,180,58.2,3,C04,NA,NA,NA,NA,NA,2004,2004,C04,3,1890
1,1891,9/13/06,9,2006,1,1,202,83.8,2,C04,NA,1,NA,NA,NA,2004,2004,C04,2,1891
NA,NA,NA,NA,2003,NA,NA,NA,NA,NA,U,NA,NA,NA,T_092003_005,NA,NA,2000,C00,3,1892
12,1892,9/13/06,9,2006,1,1,322,340.5,6,C00,NA,1,NA,NA,NA,2000,2000,C00,6,1892
113,1892,9/10/07,9,2007,1,1,322,324.8,7,C00,NA,NA,NA,NA,NA,2000,2000,C00,7,1892
9,1894,9/13/06,9,2006,1,1,139,24.4,1,C05,NA,NA,NA,NA,NA,2005,2005,C05,1,1894
108,1894,9/10/07,9,2007,1,1,170,46.8,2,C05,NA,NA,NA,NA,NA,2005,2005,C05,2,1894
268,1894,9/15/08,9,2008,2,1,203,78.8,3,C05,NA,NA,NA,NA,NA,2005,2005,C05,3,1894
55,1895,9/13/06,9,2006,1,1,125,18.5,1,C05,NA,NA,NA,NA,NA,2005,2005,C05,1,1895
102,1895,9/10/07,9,2007,1,1,150,30.2,2,C05,NA,NA,NA,NA,NA,2005,2005,C05,2,1895
253,1895,9/15/08,9,2008,1,1,182,54.6,3,C05,NA,NA,NA,NA,NA,2005,2005,C05,3,1895
51,1896,9/13/06,9,2006,1,1,153,35.1,2,C04,NA,1,NA,NA,NA,2004,2004,C04,2,1896
119,1896,9/10/07,9,2007,1,1,175,51.7,3,C04,NA,NA,NA,NA,NA,2004,2004,C04,3,1896
2,1897,9/13/06,9,2006,1,1,186,65.4,2,C04,NA,1,NA,NA,NA,2004,2004,C04,2,1897
20,1898,9/13/06,9,2006,1,1,152,35.1,1,C05,NA,1,NA,NA,NA,2005,2005,C05,1,1898
75,1898,9/10/07,9,2007,1,1,178,54.9,2,C05,NA,NA,NA,NA,NA,2005,2005,C05,2,1898
199,1898,9/15/08,9,2008,1,1,207,90.4,3,C05,NA,NA,NA,NA,NA,2005,2005,C05,3,1898
45,1899,9/13/06,9,2006,1,1,242,137.5,5,C01,NA,1,NA,NA,NA,2001,2001,C01,5,1899
109,1899,9/10/07,9,2007,1,1,252,152.1,6,C01,NA,NA,NA,NA,NA,2001,2001,C01,6,1899
47,1900,9/13/06,9,2006,1,1,192,65.6,3,C03,NA,1,NA,NA,NA,2003,2003,C03,3,1900
117,1900,9/10/07,9,2007,1,1,209,92.7,4,C03,NA,NA,NA,NA,NA,2003,2003,C03,4,1900
245,1900,9/15/08,9,2008,1,1,227,116.5,5,C03,NA,NA,NA,NA,NA,2003,2003,C03,5,1900
NA,NA,NA,NA,2003,NA,NA,NA,NA,NA,U,NA,NA,NA,T_092003_062,NA,NA,2001,C01,2,1912
14,1912,9/13/06,9,2006,1,1,267,205,5,C01,NA,1,NA,NA,NA,2001,2001,C01,5,1912
110,1912,9/10/07,9,2007,1,1,282,231.2,6,C01,NA,NA,NA,NA,NA,2001,2001,C01,6,1912
49,1916,9/13/06,9,2006,1,1,152,32.8,1,C05,NA,1,NA,NA,NA,2005,2005,C05,1,1916
128,1916,9/10/07,9,2007,1,1,173,45.3,2,C05,NA,NA,NA,NA,NA,2005,2005,C05,2,1916
255,1916,9/15/08,9,2008,1,1,220,102.8,3,C05,NA,NA,NA,NA,NA,2005,2005,C05,3,1916
60,1918,9/13/06,9,2006,2,1,232,133.4,5,C01,NA,1,NA,NA,NA,2001,2001,C01,5,1918
160,1918,9/10/07,9,2007,2,1,249,159.8,6,C01,NA,NA,NA,NA,NA,2001,2001,C01,6,1918
196,1918,9/15/08,9,2008,1,1,256,167.2,7,C01,NA,NA,NA,NA,NA,2001,2001,C01,7,1918
53,1919,9/13/06,9,2006,1,1,161,38.4,2,C04,NA,1,NA,NA,NA,2004,2004,C04,2,1919
129,1919,9/10/07,9,2007,1,1,192,65.3,3,C04,NA,NA,NA,NA,NA,2004,2004,C04,3,1919
239,1919,9/15/08,9,2008,1,1,225,110.4,4,C04,NA,NA,NA,NA,NA,2004,2004,C04,4,1919
338,1919,9/9/09,9,2009,1,1,238,128,5,C04,NA,NA,NA,NA,NA,2004,2004,C04,5,1919
37,1946,9/13/06,9,2006,1,1,265,188.6,6,C00,NA,1,NA,NA,NA,2000,2000,C00,6,1946
46,1963,9/13/06,9,2006,1,1,183,62.3,2,C04,NA,1,NA,NA,NA,2004,2004,C04,2,1963
NA,NA,NA,NA,2003,NA,NA,NA,NA,NA,U,NA,NA,NA,T_092003_013,NA,NA,2000,C00,3,1975
34,1975,9/13/06,9,2006,1,1,282,233.6,6,C00,NA,1,NA,NA,NA,2000,2000,C00,6,1975
101,1975,9/10/07,9,2007,1,1,282,232.8,7,C00,NA,NA,NA,NA,NA,2000,2000,C00,7,1975
366,1975,9/9/09,9,2009,2,1,285,220,9,C00,NA,NA,NA,NA,NA,2000,2000,C00,9,1975
NA,NA,NA,NA,2003,NA,NA,NA,NA,NA,U,NA,NA,NA,T_092003_080,NA,NA,2003,C03,0,1977
8,1977,9/13/06,9,2006,1,1,237,130,3,C03,NA,1,NA,NA,NA,2003,2003,C03,3,1977
72,1977,9/10/07,9,2007,1,1,260,177.3,4,C03,NA,NA,NA,NA,NA,2003,2003,C03,4,1977
195,1977,9/15/08,9,2008,1,1,279,213.1,5,C03,NA,NA,NA,NA,NA,2003,2003,C03,5,1977
NA,NA,NA,NA,2003,NA,NA,NA,NA,NA,U,NA,NA,NA,T_092003_003,NA,NA,2000,C00,3,1978
35,1978,9/13/06,9,2006,1,1,317,301.2,6,C00,NA,1,NA,NA,NA,2000,2000,C00,6,1978
105,1978,9/10/07,9,2007,1,1,316,295.4,7,C00,NA,NA,NA,NA,NA,2000,2000,C00,7,1978
238,1978,9/15/08,9,2008,1,1,315,284.6,8,C00,NA,NA,NA,NA,NA,2000,2000,C00,8,1978
326,1978,9/9/09,9,2009,1,1,315,269,9,C00,NA,NA,NA,NA,NA,2000,2000,C00,9,1978
48,1982,9/13/06,9,2006,1,1,246,137.6,3,C03,NA,NA,NA,NA,NA,2003,2003,C03,3,1982
104,1982,9/10/07,9,2007,1,1,257,161.5,4,C03,NA,NA,NA,NA,NA,2003,2003,C03,4,1982
22,1983,9/13/06,9,2006,1,1,127,17.5,1,C05,NA,NA,NA,NA,NA,2005,2005,C05,1,1983
23,1999,9/13/06,9,2006,1,1,123,19.1,1,C05,NA,1,NA,NA,NA,2005,2005,C05,1,1999
77,1999,9/10/07,9,2007,1,1,142,26.4,2,C05,NA,NA,NA,NA,NA,2005,2005,C05,2,1999
674,2515,9/10/12,9,2012,1,1,139,25.2,1,C11,NA,1,NA,NA,NA,2011,2011,C11,1,2515
564,2521,9/10/12,9,2012,1,1,135,23.9,1,C11,NA,NA,NA,NA,NA,2011,2011,C11,1,2521
559,2522,9/10/12,9,2012,1,1,135,22.5,1,C11,NA,NA,NA,NA,NA,2011,2011,C11,1,2522
672,2523,9/10/12,9,2012,1,1,118,15.5,1,C11,NA,1,NA,NA,NA,2011,2011,C11,1,2523
599,2524,9/10/12,9,2012,1,1,216,102.4,4,C08,NA,1,NA,NA,NA,2008,2008,C08,4,2524
871,2524,9/2/14,9,2014,1,1,245,152.1,6,C08,NA,NA,NA,NA,NA,2008,2008,C08,6,2524
669,2526,9/10/12,9,2012,1,1,133,21.6,1,C11,NA,NA,NA,NA,NA,2011,2011,C11,1,2526
701,2528,9/10/12,9,2012,2,1,116,14.2,1,C11,NA,NA,NA,NA,NA,2011,2011,C11,1,2528
661,2530,9/10/12,9,2012,1,1,135,23.4,1,C11,NA,NA,NA,NA,NA,2011,2011,C11,1,2530
690,2531,9/10/12,9,2012,1,1,115,14.6,1,C11,NA,NA,NA,NA,NA,2011,2011,C11,1,2531
645,2533,9/10/12,9,2012,1,1,126,18.5,1,C11,NA,NA,NA,NA,NA,2011,2011,C11,1,2533
868,15998,9/2/14,9,2014,1,1,177,61.7,3,C11,NA,1,1,NA,NA,2011,2011,C11,3,2533
696,2535,9/10/12,9,2012,2,1,141,27.4,1,C11,NA,NA,NA,NA,NA,2011,2011,C11,1,2535
789,2535,9/18/13,9,2013,1,1,182,46.5,2,C11,NA,NA,NA,NA,NA,2011,2011,C11,2,2535
621,2537,9/10/12,9,2012,1,1,135,28.2,1,C11,NA,1,NA,NA,NA,2011,2011,C11,1,2537
570,2550,9/10/12,9,2012,1,1,138,24.2,1,C11,NA,1,NA,NA,NA,2011,2011,C11,1,2550
578,2551,9/10/12,9,2012,1,1,134,21.2,1,C11,NA,NA,NA,NA,NA,2011,2011,C11,1,2551
846,2551,9/2/14,9,2014,1,1,184,59.7,3,C11,NA,NA,NA,NA,NA,2011,2011,C11,3,2551
664,2553,9/10/12,9,2012,1,1,115,15.5,1,C11,NA,NA,NA,NA,NA,2011,2011,C11,1,2553
615,2554,9/10/12,9,2012,1,1,120,17.4,1,C11,NA,NA,NA,NA,NA,2011,2011,C11,1,2554
637,2556,9/10/12,9,2012,1,1,117,15.6,1,C11,NA,1,NA,NA,NA,2011,2011,C11,1,2556
681,2557,9/10/12,9,2012,1,1,135,22.2,1,C11,NA,NA,NA,NA,NA,2011,2011,C11,1,2557
566,2558,9/10/12,9,2012,1,1,124,18.4,1,C11,NA,NA,NA,NA,NA,2011,2011,C11,1,2558
568,2559,9/10/12,9,2012,1,1,137,27.9,1,C11,NA,NA,NA,NA,NA,2011,2011,C11,1,2559
659,2563,9/10/12,9,2012,1,1,117,14.9,1,C11,NA,NA,NA,NA,NA,2011,2011,C11,1,2563
619,2566,9/10/12,9,2012,1,1,134,22.6,1,C11,NA,1,NA,NA,NA,2011,2011,C11,1,2566
575,2575,9/10/12,9,2012,1,1,145,27.9,1,C11,NA,NA,NA,NA,NA,2011,2011,C11,1,2575
793,2575,9/18/13,9,2013,1,1,174,48.6,2,C11,NA,NA,NA,NA,NA,2011,2011,C11,2,2575
624,2576,9/10/12,9,2012,1,1,125,18.8,1,C11,NA,NA,NA,NA,NA,2011,2011,C11,1,2576
642,2579,9/10/12,9,2012,1,1,153,34,1,C11,NA,NA,NA,NA,NA,2011,2011,C11,1,2579
644,2581,9/10/12,9,2012,1,1,144,31.9,1,C11,NA,1,NA,NA,NA,2011,2011,C11,1,2581
649,2583,9/10/12,9,2012,1,1,135,24.1,1,C11,NA,1,NA,NA,NA,2011,2011,C11,1,2583
572,2584,9/10/12,9,2012,1,1,136,24.8,1,C11,NA,1,NA,NA,NA,2011,2011,C11,1,2584
794,2584,9/18/13,9,2013,1,1,172,45.3,2,C11,NA,NA,NA,NA,NA,2011,2011,C11,2,2584
648,2587,9/10/12,9,2012,1,1,124,18.2,1,C11,NA,NA,NA,NA,NA,2011,2011,C11,1,2587
586,2589,9/10/12,9,2012,1,1,152,37,1,C11,NA,1,NA,NA,NA,2011,2011,C11,1,2589
606,2590,9/10/12,9,2012,1,1,138,25.6,1,C11,NA,NA,NA,NA,NA,2011,2011,C11,1,2590
667,2592,9/10/12,9,2012,1,1,134,22.9,1,C11,NA,NA,NA,NA,NA,2011,2011,C11,1,2592
700,2594,9/10/12,9,2012,2,1,150,32.8,1,C11,NA,NA,NA,NA,NA,2011,2011,C11,1,2594
705,2595,9/10/12,9,2012,2,1,133,22.2,1,C11,NA,NA,NA,NA,NA,2011,2011,C11,1,2595
653,2596,9/10/12,9,2012,1,1,154,34.1,1,C11,NA,NA,NA,NA,NA,2011,2011,C11,1,2596
626,2597,9/10/12,9,2012,1,1,136,23.7,1,C11,NA,NA,NA,NA,NA,2011,2011,C11,1,2597
650,2598,9/10/12,9,2012,1,1,132,20.5,1,C11,NA,NA,NA,NA,NA,2011,2011,C11,1,2598
655,2599,9/10/12,9,2012,1,1,117,15,1,C11,NA,1,NA,NA,NA,2011,2011,C11,1,2599
856,2599,9/2/14,9,2014,1,1,175,57.1,3,C11,NA,NA,NA,NA,NA,2011,2011,C11,3,2599
552,2600,9/10/12,9,2012,1,1,151,32.8,1,C11,NA,NA,NA,NA,NA,2011,2011,C11,1,2600
613,2601,9/10/12,9,2012,1,1,140,25.4,1,C11,NA,1,NA,NA,NA,2011,2011,C11,1,2601
605,2602,9/10/12,9,2012,1,1,141,26,1,C11,NA,NA,NA,NA,NA,2011,2011,C11,1,2602
610,2604,9/10/12,9,2012,1,1,127,19.6,1,C11,NA,1,NA,NA,NA,2011,2011,C11,1,2604
640,2605,9/10/12,9,2012,1,1,136,23.7,1,C11,NA,1,NA,NA,NA,2011,2011,C11,1,2605
589,2606,9/10/12,9,2012,1,1,142,27.1,1,C11,NA,1,NA,NA,NA,2011,2011,C11,1,2606
665,2607,9/10/12,9,2012,1,1,149,31.8,1,C11,NA,NA,NA,NA,NA,2011,2011,C11,1,2607
666,2608,9/10/12,9,2012,1,1,134,22.7,1,C11,NA,NA,NA,NA,NA,2011,2011,C11,1,2608
632,2610,9/10/12,9,2012,1,1,146,30.1,1,C11,NA,1,NA,NA,NA,2011,2011,C11,1,2610
840,2610,9/2/14,9,2014,1,1,213,101.2,3,C11,NA,NA,NA,NA,NA,2011,2011,C11,3,2610
596,2611,9/10/12,9,2012,1,1,121,16.6,1,C11,NA,NA,NA,NA,NA,2011,2011,C11,1,2611
557,2612,9/10/12,9,2012,1,1,194,74.1,2,C10,NA,NA,NA,NA,NA,2010,2010,C10,2,2612
815,2612,9/2/14,9,2014,1,1,245,148.4,4,C10,NA,NA,NA,NA,NA,2010,2010,C10,4,2612
553,2613,9/10/12,9,2012,1,1,271,194.3,4,C08,NA,NA,NA,NA,NA,2008,2008,C08,4,2613
819,2613,9/2/14,9,2014,1,1,301,284.9,6,C08,NA,NA,NA,NA,NA,2008,2008,C08,6,2613
635,2614,9/10/12,9,2012,1,1,128,19.9,1,C11,NA,NA,NA,NA,NA,2011,2011,C11,1,2614
630,2616,9/10/12,9,2012,1,1,132,22.4,1,C11,NA,NA,NA,NA,NA,2011,2011,C11,1,2616
633,2617,9/10/12,9,2012,1,1,143,28.4,1,C11,NA,1,NA,NA,NA,2011,2011,C11,1,2617
556,2618,9/10/12,9,2012,1,1,126,19.2,1,C11,NA,1,NA,NA,NA,2011,2011,C11,1,2618
820,2618,9/2/14,9,2014,1,1,204,79.4,3,C11,NA,NA,NA,NA,NA,2011,2011,C11,3,2618
631,2624,9/10/12,9,2012,1,1,141,26.3,1,C11,NA,NA,NA,NA,NA,2011,2011,C11,1,2624
639,2625,9/10/12,9,2012,1,1,119,16.2,1,C11,NA,1,NA,NA,NA,2011,2011,C11,1,2625
628,2626,9/10/12,9,2012,1,1,147,31.4,1,C11,NA,NA,NA,NA,NA,2011,2011,C11,1,2626
590,2627,9/10/12,9,2012,1,1,196,77.7,2,C10,NA,1,NA,NA,NA,2010,2010,C10,2,2627
574,2628,9/10/12,9,2012,1,1,130,20.9,1,C11,NA,NA,NA,NA,NA,2011,2011,C11,1,2628
689,2631,9/10/12,9,2012,1,1,117,14.8,1,C11,NA,NA,NA,NA,NA,2011,2011,C11,1,2631
684,2634,9/10/12,9,2012,1,1,140,24.1,1,C11,NA,NA,NA,NA,NA,2011,2011,C11,1,2634
679,2639,9/10/12,9,2012,1,1,145,27.2,1,C11,NA,1,NA,NA,NA,2011,2011,C11,1,2639
636,2651,9/10/12,9,2012,1,1,119,15.6,1,C11,NA,NA,NA,NA,NA,2011,2011,C11,1,2651
791,2651,9/18/13,9,2013,1,1,150,30.1,2,C11,NA,NA,NA,NA,NA,2011,2011,C11,2,2651
866,2651,9/2/14,9,2014,1,1,186,59,3,C11,NA,NA,NA,NA,NA,2011,2011,C11,3,2651
692,2654,9/10/12,9,2012,2,1,136,23.1,1,C11,NA,NA,NA,NA,NA,2011,2011,C11,1,2654
836,2654,9/2/14,9,2014,1,1,210,99.8,3,C11,NA,NA,NA,NA,NA,2011,2011,C11,3,2654
17,3030,9/13/06,9,2006,1,1,199,74.4,3,C03,NA,1,NA,NA,NA,2003,2003,C03,3,3030
155,3030,9/10/07,9,2007,2,1,214,95.6,4,C03,NA,NA,NA,NA,NA,2003,2003,C03,4,3030
50,3031,9/13/06,9,2006,1,1,194,75.2,3,C03,NA,1,NA,NA,NA,2003,2003,C03,3,3031
131,3031,9/10/07,9,2007,1,1,215,92.9,4,C03,NA,NA,NA,NA,NA,2003,2003,C03,4,3031
237,12819,9/15/08,9,2008,1,1,236,126.2,4,C04,NA,1,1,NA,NA,2004,2003,C03,5,3031
332,12819,9/9/09,9,2009,1,1,255,165,5,C04,NA,NA,NA,NA,NA,2004,2003,C03,6,3031
NA,NA,NA,NA,2003,NA,NA,NA,NA,NA,U,NA,NA,NA,T_092003_066,NA,NA,2001,C01,2,3032
33,3032,9/13/06,9,2006,1,1,263,186.1,5,C01,NA,1,NA,NA,NA,2001,2001,C01,5,3032
100,3032,9/10/07,9,2007,1,1,261,176.7,6,C01,NA,NA,NA,NA,NA,2001,2001,C01,6,3032
266,3032,9/15/08,9,2008,2,1,262,160.4,7,C01,NA,NA,NA,NA,NA,2001,2001,C01,7,3032
41,3033,9/13/06,9,2006,1,1,152,35.8,2,C04,NA,1,NA,NA,NA,2004,2004,C04,2,3033
159,3033,9/10/07,9,2007,2,1,181,59.9,3,C04,NA,NA,NA,NA,NA,2004,2004,C04,3,3033
193,3033,9/15/08,9,2008,1,1,222,109.3,4,C04,NA,NA,NA,NA,NA,2004,2004,C04,4,3033
329,3033,9/9/09,9,2009,1,1,231,128,5,C04,NA,NA,NA,NA,NA,2004,2004,C04,5,3033
27,3034,9/13/06,9,2006,1,1,125,18.1,1,C05,NA,NA,NA,NA,NA,2005,2005,C05,1,3034
78,3034,9/10/07,9,2007,1,1,156,36.1,2,C05,NA,NA,NA,NA,NA,2005,2005,C05,2,3034
32,3035,9/13/06,9,2006,1,1,216,97.2,3,C03,NA,1,NA,NA,NA,2003,2003,C03,3,3035
103,3035,9/10/07,9,2007,1,1,232,119.7,4,C03,NA,NA,NA,NA,NA,2003,2003,C03,4,3035
244,3035,9/15/08,9,2008,1,1,262,177.9,5,C03,NA,NA,NA,NA,NA,2003,2003,C03,5,3035
11,3036,9/13/06,9,2006,1,1,156,38.4,2,C04,NA,NA,NA,NA,NA,2004,2004,C04,2,3036
130,3036,9/10/07,9,2007,1,1,185,63.9,3,C04,NA,NA,NA,NA,NA,2004,2004,C04,3,3036
242,3036,9/15/08,9,2008,1,1,197,75.7,4,C04,NA,NA,NA,NA,NA,2004,2004,C04,4,3036
327,3036,9/9/09,9,2009,1,1,223,121,5,C04,NA,NA,NA,NA,NA,2004,2004,C04,5,3036
24,3038,9/13/06,9,2006,1,1,119,17.1,1,C05,NA,NA,NA,NA,NA,2005,2005,C05,1,3038
54,3052,9/13/06,9,2006,1,1,140,26.5,2,C04,NA,NA,NA,NA,NA,2004,2004,C04,2,3052
5,3054,9/13/06,9,2006,1,1,151,32.6,1,C05,NA,1,NA,NA,NA,2005,2005,C05,1,3054
174,3054,9/15/08,9,2008,1,1,224,113.6,3,C05,NA,NA,NA,NA,NA,2005,2005,C05,3,3054
56,3055,9/13/06,9,2006,1,1,119,16,1,C05,NA,NA,NA,NA,NA,2005,2005,C05,1,3055
115,3055,9/10/07,9,2007,1,1,151,30.1,2,C05,NA,NA,NA,NA,NA,2005,2005,C05,2,3055
16,3056,9/13/06,9,2006,1,1,206,88.8,2,C04,NA,1,NA,NA,NA,2004,2004,C04,2,3056
121,3056,9/10/07,9,2007,1,1,217,100.9,3,C04,NA,NA,NA,NA,NA,2004,2004,C04,3,3056
201,3056,9/15/08,9,2008,1,1,237,142.4,4,C04,NA,NA,NA,NA,NA,2004,2004,C04,4,3056
295,3056,9/9/09,9,2009,1,1,243,142,5,C04,NA,NA,NA,NA,NA,2004,2004,C04,5,3056
6,3057,9/13/06,9,2006,1,1,185,63.6,2,C04,NA,1,NA,NA,NA,2004,2004,C04,2,3057
68,3057,9/10/07,9,2007,1,1,222,105,3,C04,NA,NA,NA,NA,NA,2004,2004,C04,3,3057
26,3060,9/13/06,9,2006,1,1,115,15,1,C05,NA,NA,NA,NA,NA,2005,2005,C05,1,3060
7,3066,9/13/06,9,2006,1,1,147,28.7,1,C05,NA,1,NA,NA,NA,2005,2005,C05,1,3066
13,3067,9/13/06,9,2006,1,1,141,29.7,1,C05,NA,1,NA,NA,NA,2005,2005,C05,1,3067
40,783,9/13/06,9,2006,1,1,222,111.1,4,C02,NA,1,NA,NA,NA,2002,2002,C02,4,783
157,783,9/10/07,9,2007,2,1,232,125.4,5,C02,NA,NA,NA,NA,NA,2002,2002,C02,5,783
61,7999,9/13/06,9,2006,2,1,184,59,2,C04,NA,NA,NA,NA,NA,2004,2004,C04,2,7999
106,7999,9/10/07,9,2007,1,1,206,83.8,3,C04,NA,NA,NA,NA,NA,2004,2004,C04,3,7999
240,7999,9/15/08,9,2008,1,1,227,115.4,4,C04,NA,NA,NA,NA,NA,2004,2004,C04,4,7999
4,842,9/13/06,9,2006,1,1,234,121.2,3,C03,NA,1,NA,NA,NA,2003,2003,C03,3,842
NA,NA,NA,NA,2003,NA,NA,NA,NA,NA,U,NA,NA,NA,T_092003_001,NA,NA,NA,U,NA,T_092003_001
NA,NA,NA,NA,2003,NA,NA,NA,NA,NA,U,NA,NA,NA,T_092003_002,NA,NA,NA,U,NA,T_092003_002
NA,NA,NA,NA,2003,NA,NA,NA,NA,NA,U,NA,NA,NA,T_092003_004,NA,NA,NA,U,NA,T_092003_004
NA,NA,NA,NA,2003,NA,NA,NA,NA,NA,U,NA,NA,NA,T_092003_006,NA,NA,NA,U,NA,T_092003_006
NA,NA,NA,NA,2003,NA,NA,NA,NA,NA,U,NA,NA,NA,T_092003_007,NA,NA,NA,U,NA,T_092003_007
NA,NA,NA,NA,2003,NA,NA,NA,NA,NA,U,NA,NA,NA,T_092003_008,NA,NA,NA,U,NA,T_092003_008
NA,NA,NA,NA,2003,NA,NA,NA,NA,NA,U,NA,NA,NA,T_092003_009,NA,NA,NA,U,NA,T_092003_009
NA,NA,NA,NA,2003,NA,NA,NA,NA,NA,U,NA,NA,NA,T_092003_010,NA,NA,NA,U,NA,T_092003_010
NA,NA,NA,NA,2003,NA,NA,NA,NA,NA,U,NA,NA,NA,T_092003_011,NA,NA,NA,U,NA,T_092003_011
NA,NA,NA,NA,2003,NA,NA,NA,NA,NA,U,NA,NA,NA,T_092003_012,NA,NA,NA,U,NA,T_092003_012
NA,NA,NA,NA,2003,NA,NA,NA,NA,NA,U,NA,NA,NA,T_092003_014,NA,NA,NA,U,NA,T_092003_014
NA,NA,NA,NA,2003,NA,NA,NA,NA,NA,U,NA,NA,NA,T_092003_015,NA,NA,NA,U,NA,T_092003_015
NA,NA,NA,NA,2003,NA,NA,NA,NA,NA,U,NA,NA,NA,T_092003_016,NA,NA,NA,U,NA,T_092003_016
NA,NA,NA,NA,2003,NA,NA,NA,NA,NA,U,NA,NA,NA,T_092003_017,NA,NA,NA,U,NA,T_092003_017
NA,NA,NA,NA,2003,NA,NA,NA,NA,NA,U,NA,NA,NA,T_092003_018,NA,NA,NA,U,NA,T_092003_018
NA,NA,NA,NA,2003,NA,NA,NA,NA,NA,U,NA,NA,NA,T_092003_019,NA,NA,NA,U,NA,T_092003_019
NA,NA,NA,NA,2003,NA,NA,NA,NA,NA,U,NA,NA,NA,T_092003_020,NA,NA,NA,U,NA,T_092003_020
NA,NA,NA,NA,2003,NA,NA,NA,NA,NA,U,NA,NA,NA,T_092003_021,NA,NA,NA,U,NA,T_092003_021
NA,NA,NA,NA,2003,NA,NA,NA,NA,NA,U,NA,NA,NA,T_092003_022,NA,NA,NA,U,NA,T_092003_022
NA,NA,NA,NA,2003,NA,NA,NA,NA,NA,U,NA,NA,NA,T_092003_023,NA,NA,NA,U,NA,T_092003_023
NA,NA,NA,NA,2003,NA,NA,NA,NA,NA,U,NA,NA,NA,T_092003_024,NA,NA,NA,U,NA,T_092003_024
NA,NA,NA,NA,2003,NA,NA,NA,NA,NA,U,NA,NA,NA,T_092003_025,NA,NA,NA,U,NA,T_092003_025
NA,NA,NA,NA,2003,NA,NA,NA,NA,NA,U,NA,NA,NA,T_092003_026,NA,NA,NA,U,NA,T_092003_026
NA,NA,NA,NA,2003,NA,NA,NA,NA,NA,U,NA,NA,NA,T_092003_027,NA,NA,NA,U,NA,T_092003_027
NA,NA,NA,NA,2003,NA,NA,NA,NA,NA,U,NA,NA,NA,T_092003_028,NA,NA,NA,U,NA,T_092003_028
NA,NA,NA,NA,2003,NA,NA,NA,NA,NA,U,NA,NA,NA,T_092003_029,NA,NA,NA,U,NA,T_092003_029
NA,NA,NA,NA,2003,NA,NA,NA,NA,NA,U,NA,NA,NA,T_092003_031,NA,NA,NA,U,NA,T_092003_031
NA,NA,NA,NA,2003,NA,NA,NA,NA,NA,U,NA,NA,NA,T_092003_032,NA,NA,NA,U,NA,T_092003_032
NA,NA,NA,NA,2003,NA,NA,NA,NA,NA,U,NA,NA,NA,T_092003_033,NA,NA,NA,U,NA,T_092003_033
NA,NA,NA,NA,2003,NA,NA,NA,NA,NA,U,NA,NA,NA,T_092003_035,NA,NA,NA,U,NA,T_092003_035
NA,NA,NA,NA,2003,NA,NA,NA,NA,NA,U,NA,NA,NA,T_092003_036,NA,NA,NA,U,NA,T_092003_036
NA,NA,NA,NA,2003,NA,NA,NA,NA,NA,U,NA,NA,NA,T_092003_037,NA,NA,NA,U,NA,T_092003_037
NA,NA,NA,NA,2003,NA,NA,NA,NA,NA,U,NA,NA,NA,T_092003_038,NA,NA,NA,U,NA,T_092003_038
NA,NA,NA,NA,2003,NA,NA,NA,NA,NA,U,NA,NA,NA,T_092003_039,NA,NA,NA,U,NA,T_092003_039
NA,NA,NA,NA,2003,NA,NA,NA,NA,NA,U,NA,NA,NA,T_092003_040,NA,NA,NA,U,NA,T_092003_040
NA,NA,NA,NA,2003,NA,NA,NA,NA,NA,U,NA,NA,NA,T_092003_041,NA,NA,NA,U,NA,T_092003_041
NA,NA,NA,NA,2003,NA,NA,NA,NA,NA,U,NA,NA,NA,T_092003_042,NA,NA,NA,U,NA,T_092003_042
NA,NA,NA,NA,2003,NA,NA,NA,NA,NA,U,NA,NA,NA,T_092003_043,NA,NA,NA,U,NA,T_092003_043
NA,NA,NA,NA,2003,NA,NA,NA,NA,NA,U,NA,NA,NA,T_092003_044,NA,NA,NA,U,NA,T_092003_044
NA,NA,NA,NA,2003,NA,NA,NA,NA,NA,U,NA,NA,NA,T_092003_045,NA,NA,NA,U,NA,T_092003_045
NA,NA,NA,NA,2003,NA,NA,NA,NA,NA,U,NA,NA,NA,T_092003_046,NA,NA,NA,U,NA,T_092003_046
NA,NA,NA,NA,2003,NA,NA,NA,NA,NA,U,NA,NA,NA,T_092003_047,NA,NA,NA,U,NA,T_092003_047
NA,NA,NA,NA,2003,NA,NA,NA,NA,NA,U,NA,NA,NA,T_092003_048,NA,NA,NA,U,NA,T_092003_048
NA,NA,NA,NA,2003,NA,NA,NA,NA,NA,U,NA,NA,NA,T_092003_049,NA,NA,NA,U,NA,T_092003_049
NA,NA,NA,NA,2003,NA,NA,NA,NA,NA,U,NA,NA,NA,T_092003_050,NA,NA,NA,U,NA,T_092003_050
NA,NA,NA,NA,2003,NA,NA,NA,NA,NA,U,NA,NA,NA,T_092003_051,NA,NA,NA,U,NA,T_092003_051
NA,NA,NA,NA,2003,NA,NA,NA,NA,NA,U,NA,NA,NA,T_092003_052,NA,NA,NA,U,NA,T_092003_052
NA,NA,NA,NA,2003,NA,NA,NA,NA,NA,U,NA,NA,NA,T_092003_053,NA,NA,NA,U,NA,T_092003_053
NA,NA,NA,NA,2003,NA,NA,NA,NA,NA,U,NA,NA,NA,T_092003_054,NA,NA,NA,U,NA,T_092003_054
NA,NA,NA,NA,2003,NA,NA,NA,NA,NA,U,NA,NA,NA,T_092003_055,NA,NA,NA,U,NA,T_092003_055
NA,NA,NA,NA,2003,NA,NA,NA,NA,NA,U,NA,NA,NA,T_092003_057,NA,NA,NA,U,NA,T_092003_057
NA,NA,NA,NA,2003,NA,NA,NA,NA,NA,U,NA,NA,NA,T_092003_058,NA,NA,NA,U,NA,T_092003_058
NA,NA,NA,NA,2003,NA,NA,NA,NA,NA,U,NA,NA,NA,T_092003_059,NA,NA,NA,U,NA,T_092003_059
NA,NA,NA,NA,2003,NA,NA,NA,NA,NA,U,NA,NA,NA,T_092003_060,NA,NA,NA,U,NA,T_092003_060
NA,NA,NA,NA,2003,NA,NA,NA,NA,NA,U,NA,NA,NA,T_092003_061,NA,NA,NA,U,NA,T_092003_061
NA,NA,NA,NA,2003,NA,NA,NA,NA,NA,U,NA,NA,NA,T_092003_063,NA,NA,NA,U,NA,T_092003_063
NA,NA,NA,NA,2003,NA,NA,NA,NA,NA,U,NA,NA,NA,T_092003_064,NA,NA,NA,U,NA,T_092003_064
NA,NA,NA,NA,2003,NA,NA,NA,NA,NA,U,NA,NA,NA,T_092003_065,NA,NA,NA,U,NA,T_092003_065
NA,NA,NA,NA,2003,NA,NA,NA,NA,NA,U,NA,NA,NA,T_092003_067,NA,NA,NA,U,NA,T_092003_067
NA,NA,NA,NA,2003,NA,NA,NA,NA,NA,U,NA,NA,NA,T_092003_068,NA,NA,NA,U,NA,T_092003_068
NA,NA,NA,NA,2003,NA,NA,NA,NA,NA,U,NA,NA,NA,T_092003_069,NA,NA,NA,U,NA,T_092003_069
NA,NA,NA,NA,2003,NA,NA,NA,NA,NA,U,NA,NA,NA,T_092003_070,NA,NA,NA,U,NA,T_092003_070
NA,NA,NA,NA,2003,NA,NA,NA,NA,NA,U,NA,NA,NA,T_092003_071,NA,NA,NA,U,NA,T_092003_071
NA,NA,NA,NA,2003,NA,NA,NA,NA,NA,U,NA,NA,NA,T_092003_072,NA,NA,NA,U,NA,T_092003_072
NA,NA,NA,NA,2003,NA,NA,NA,NA,NA,U,NA,NA,NA,T_092003_073,NA,NA,NA,U,NA,T_092003_073
NA,NA,NA,NA,2003,NA,NA,NA,NA,NA,U,NA,NA,NA,T_092003_074,NA,NA,NA,U,NA,T_092003_074
NA,NA,NA,NA,2003,NA,NA,NA,NA,NA,U,NA,NA,NA,T_092003_075,NA,NA,NA,U,NA,T_092003_075
NA,NA,NA,NA,2003,NA,NA,NA,NA,NA,U,NA,NA,NA,T_092003_076,NA,NA,NA,U,NA,T_092003_076
NA,NA,NA,NA,2003,NA,NA,NA,NA,NA,U,NA,NA,NA,T_092003_077,NA,NA,NA,U,NA,T_092003_077
NA,NA,NA,NA,2003,NA,NA,NA,NA,NA,U,NA,NA,NA,T_092003_078,NA,NA,NA,U,NA,T_092003_078
NA,NA,NA,NA,2003,NA,NA,NA,NA,NA,U,NA,NA,NA,T_092003_079,NA,NA,NA,U,NA,T_092003_079
NA,NA,NA,NA,2003,NA,NA,NA,NA,NA,U,NA,NA,NA,T_092003_056,NA,NA,NA,U,NA,T_092003_079
NA,NA,NA,NA,2003,NA,NA,NA,NA,NA,U,NA,NA,NA,T_092003_081,NA,NA,NA,U,NA,T_092003_081
NA,NA,NA,NA,2003,NA,NA,NA,NA,NA,U,NA,NA,NA,T_092003_082,NA,NA,NA,U,NA,T_092003_082
NA,NA,NA,NA,2003,NA,NA,NA,NA,NA,U,NA,NA,NA,T_092003_083,NA,NA,NA,U,NA,T_092003_083
NA,NA,NA,NA,2003,NA,NA,NA,NA,NA,U,NA,NA,NA,T_092003_084,NA,NA,NA,U,NA,T_092003_084
NA,NA,NA,NA,2003,NA,NA,NA,NA,NA,U,NA,NA,NA,T_092003_085,NA,NA,NA,U,NA,T_092003_085
NA,NA,NA,NA,2003,NA,NA,NA,NA,NA,U,NA,NA,NA,T_092003_087,NA,NA,NA,U,NA,T_092003_087
NA,NA,NA,NA,2003,NA,NA,NA,NA,NA,U,NA,NA,NA,T_092003_088,NA,NA,NA,U,NA,T_092003_088
NA,NA,NA,NA,2003,NA,NA,NA,NA,NA,U,NA,NA,NA,T_092003_089,NA,NA,NA,U,NA,T_092003_089
NA,NA,NA,NA,2003,NA,NA,NA,NA,NA,U,NA,NA,NA,T_092003_090,NA,NA,NA,U,NA,T_092003_090
NA,NA,NA,NA,2003,NA,NA,NA,NA,NA,U,NA,NA,NA,T_092003_091,NA,NA,NA,U,NA,T_092003_091
NA,NA,NA,NA,2003,NA,NA,NA,NA,NA,U,NA,NA,NA,T_092003_092,NA,NA,NA,U,NA,T_092003_092
NA,NA,NA,NA,2003,NA,NA,NA,NA,NA,U,NA,NA,NA,T_092003_093,NA,NA,NA,U,NA,T_092003_093
NA,NA,NA,NA,2003,NA,NA,NA,NA,NA,U,NA,NA,NA,T_092003_094,NA,NA,NA,U,NA,T_092003_094
NA,NA,NA,NA,2003,NA,NA,NA,NA,NA,U,NA,NA,NA,T_092003_095,NA,NA,NA,U,NA,T_092003_095
NA,NA,NA,NA,2003,NA,NA,NA,NA,NA,U,NA,NA,NA,T_092003_096,NA,NA,NA,U,NA,T_092003_096
NA,NA,NA,NA,2003,NA,NA,NA,NA,NA,U,NA,NA,NA,T_092003_097,NA,NA,NA,U,NA,T_092003_097
NA,NA,NA,NA,2003,NA,NA,NA,NA,NA,U,NA,NA,NA,T_092003_098,NA,NA,NA,U,NA,T_092003_098
NA,NA,NA,NA,2003,NA,NA,NA,NA,NA,U,NA,NA,NA,T_092003_099,NA,NA,NA,U,NA,T_092003_099
NA,NA,NA,NA,2003,NA,NA,NA,NA,NA,U,NA,NA,NA,T_092003_100,NA,NA,NA,U,NA,T_092003_100
NA,NA,NA,NA,2003,NA,NA,NA,NA,NA,U,NA,NA,NA,T_092003_101,NA,NA,NA,U,NA,T_092003_101
NA,NA,NA,NA,2003,NA,NA,NA,NA,NA,U,NA,NA,NA,T_092003_102,NA,NA,NA,U,NA,T_092003_102
NA,NA,NA,NA,2003,NA,NA,NA,NA,NA,U,NA,NA,NA,T_092003_103,NA,NA,NA,U,NA,T_092003_103
NA,NA,NA,NA,2003,NA,NA,NA,NA,NA,U,NA,NA,NA,T_092003_105,NA,NA,NA,U,NA,T_092003_105
NA,NA,NA,NA,2003,NA,NA,NA,NA,NA,U,NA,NA,NA,T_092003_106,NA,NA,NA,U,NA,T_092003_106
NA,NA,NA,NA,2003,NA,NA,NA,NA,NA,U,NA,NA,NA,T_092003_107,NA,NA,NA,U,NA,T_092003_107
NA,NA,NA,NA,2003,NA,NA,NA,NA,NA,U,NA,NA,NA,T_092003_108,NA,NA,NA,U,NA,T_092003_108
NA,NA,NA,NA,2003,NA,NA,NA,NA,NA,U,NA,NA,NA,T_092003_109,NA,NA,NA,U,NA,T_092003_109
NA,NA,NA,NA,2003,NA,NA,NA,NA,NA,U,NA,NA,NA,T_092003_110,NA,NA,NA,U,NA,T_092003_110
NA,NA,NA,NA,2003,NA,NA,NA,NA,NA,U,NA,NA,NA,T_092003_111,NA,NA,NA,U,NA,T_092003_111
NA,NA,NA,NA,2003,NA,NA,NA,NA,NA,U,NA,NA,NA,T_092003_112,NA,NA,NA,U,NA,T_092003_112
NA,NA,NA,NA,2003,NA,NA,NA,NA,NA,U,NA,NA,NA,T_092003_113,NA,NA,NA,U,NA,T_092003_113
NA,NA,NA,NA,2003,NA,NA,NA,NA,NA,U,NA,NA,NA,T_092003_114,NA,NA,NA,U,NA,T_092003_114
NA,NA,NA,NA,2003,NA,NA,NA,NA,NA,U,NA,NA,NA,T_092003_115,NA,NA,NA,U,NA,T_092003_115
NA,NA,NA,NA,2003,NA,NA,NA,NA,NA,U,NA,NA,NA,T_092003_116,NA,NA,NA,U,NA,T_092003_116
NA,NA,NA,NA,2003,NA,NA,NA,NA,NA,U,NA,NA,NA,T_092003_117,NA,NA,NA,U,NA,T_092003_117
NA,NA,NA,NA,2003,NA,NA,NA,NA,NA,U,NA,NA,NA,T_092003_118,NA,NA,NA,U,NA,T_092003_118
NA,NA,NA,NA,2003,NA,NA,NA,NA,NA,U,NA,NA,NA,T_092003_119,NA,NA,NA,U,NA,T_092003_119
NA,NA,NA,NA,2003,NA,NA,NA,NA,NA,U,NA,NA,NA,T_092003_120,NA,NA,NA,U,NA,T_092003_120
NA,NA,NA,NA,2003,NA,NA,NA,NA,NA,U,NA,NA,NA,T_092003_121,NA,NA,NA,U,NA,T_092003_121
NA,NA,NA,NA,2003,NA,NA,NA,NA,NA,U,NA,NA,NA,T_092003_122,NA,NA,NA,U,NA,T_092003_122
NA,NA,NA,NA,2003,NA,NA,NA,NA,NA,U,NA,NA,NA,T_092003_123,NA,NA,NA,U,NA,T_092003_123
NA,NA,NA,NA,2003,NA,NA,NA,NA,NA,U,NA,NA,NA,T_092003_124,NA,NA,NA,U,NA,T_092003_124
NA,NA,NA,NA,2003,NA,NA,NA,NA,NA,U,NA,NA,NA,T_092003_125,NA,NA,NA,U,NA,T_092003_125
NA,NA,NA,NA,2003,NA,NA,NA,NA,NA,U,NA,NA,NA,T_092003_126,NA,NA,NA,U,NA,T_092003_126
NA,NA,NA,NA,2003,NA,NA,NA,NA,NA,U,NA,NA,NA,T_092003_127,NA,NA,NA,U,NA,T_092003_127
NA,NA,NA,NA,2003,NA,NA,NA,NA,NA,U,NA,NA,NA,T_092003_128,NA,NA,NA,U,NA,T_092003_128
NA,NA,NA,NA,2003,NA,NA,NA,NA,NA,U,NA,NA,NA,T_092003_129,NA,NA,NA,U,NA,T_092003_129
NA,NA,NA,NA,2003,NA,NA,NA,NA,NA,U,NA,NA,NA,T_092003_130,NA,NA,NA,U,NA,T_092003_130
NA,NA,NA,NA,2003,NA,NA,NA,NA,NA,U,NA,NA,NA,T_092003_131,NA,NA,NA,U,NA,T_092003_131
NA,NA,NA,NA,2003,NA,NA,NA,NA,NA,U,NA,NA,NA,T_092003_132,NA,NA,NA,U,NA,T_092003_132
NA,NA,NA,NA,2003,NA,NA,NA,NA,NA,U,NA,NA,NA,T_092003_133,NA,NA,NA,U,NA,T_092003_133
NA,NA,NA,NA,2003,NA,NA,NA,NA,NA,U,NA,NA,NA,T_092003_134,NA,NA,NA,U,NA,T_092003_134
NA,NA,NA,NA,2003,NA,NA,NA,NA,NA,U,NA,NA,NA,T_092003_135,NA,NA,NA,U,NA,T_092003_135
NA,NA,NA,NA,2003,NA,NA,NA,NA,NA,U,NA,NA,NA,T_092003_136,NA,NA,NA,U,NA,T_092003_136
NA,NA,NA,NA,2012,NA,NA,NA,NA,NA,C12,NA,NA,NA,T_092012_001,NA,2012,2012,C12,NA,T_092012_001
NA,NA,NA,NA,2012,NA,NA,NA,NA,NA,C12,NA,NA,NA,T_092012_002,NA,2012,2012,C12,NA,T_092012_002
NA,NA,NA,NA,2012,NA,NA,NA,NA,NA,C12,NA,NA,NA,T_092012_003,NA,2012,2012,C12,NA,T_092012_003
NA,NA,NA,NA,2012,NA,NA,NA,NA,NA,C12,NA,NA,NA,T_092012_004,NA,2012,2012,C12,NA,T_092012_004
NA,NA,NA,NA,2012,NA,NA,NA,NA,NA,C12,NA,NA,NA,T_092012_005,NA,2012,2012,C12,NA,T_092012_005
NA,NA,NA,NA,2012,NA,NA,NA,NA,NA,C12,NA,NA,NA,T_092012_007,NA,2012,2012,C12,NA,T_092012_007
NA,NA,NA,NA,2012,NA,NA,NA,NA,NA,C12,NA,NA,NA,T_092012_009,NA,2012,2012,C12,NA,T_092012_009
NA,NA,NA,NA,2012,NA,NA,NA,NA,NA,C12,NA,NA,NA,T_092012_010,NA,2012,2012,C12,NA,T_092012_010
NA,NA,NA,NA,2012,NA,NA,NA,NA,NA,C12,NA,NA,NA,T_092012_012,NA,2012,2012,C12,0,T_092012_012
NA,NA,NA,NA,2013,NA,NA,NA,NA,NA,C13,NA,NA,NA,T_092013_019,NA,2013,2012,C12,1,T_092012_012
NA,NA,NA,NA,2012,NA,NA,NA,NA,NA,C12,NA,NA,NA,T_092012_013,NA,2012,2012,C12,NA,T_092012_013
NA,NA,NA,NA,2012,NA,NA,NA,NA,NA,C12,NA,NA,NA,T_092012_014,NA,2012,2012,C12,NA,T_092012_014
NA,NA,NA,NA,2012,NA,NA,NA,NA,NA,C12,NA,NA,NA,T_092012_015,NA,2012,2012,C12,NA,T_092012_015
NA,NA,NA,NA,2012,NA,NA,NA,NA,NA,C12,NA,NA,NA,T_092012_016,NA,2012,2012,C12,NA,T_092012_016
NA,NA,NA,NA,2012,NA,NA,NA,NA,NA,C12,NA,NA,NA,T_092012_019,NA,2012,2012,C12,NA,T_092012_019
NA,NA,NA,NA,2012,NA,NA,NA,NA,NA,C12,NA,NA,NA,T_092012_020,NA,2012,2012,C12,NA,T_092012_020
NA,NA,NA,NA,2012,NA,NA,NA,NA,NA,C12,NA,NA,NA,T_092012_021,NA,2012,2012,C12,NA,T_092012_021
NA,NA,NA,NA,2012,NA,NA,NA,NA,NA,C12,NA,NA,NA,T_092012_022,NA,2012,2012,C12,NA,T_092012_022
NA,NA,NA,NA,2012,NA,NA,NA,NA,NA,C12,NA,NA,NA,T_092012_025,NA,2012,2012,C12,NA,T_092012_025
NA,NA,NA,NA,2012,NA,NA,NA,NA,NA,C12,NA,NA,NA,T_092012_026,NA,2012,2012,C12,NA,T_092012_026
NA,NA,NA,NA,2012,NA,NA,NA,NA,NA,C12,NA,NA,NA,T_092012_027,NA,2012,2012,C12,NA,T_092012_027
NA,NA,NA,NA,2012,NA,NA,NA,NA,NA,C12,NA,NA,NA,T_092012_029,NA,2012,2012,C12,NA,T_092012_029
NA,NA,NA,NA,2012,NA,NA,NA,NA,NA,C12,NA,NA,NA,T_092012_030,NA,2012,2012,C12,NA,T_092012_030
NA,NA,NA,NA,2012,NA,NA,NA,NA,NA,C12,NA,NA,NA,T_092012_031,NA,2012,2012,C12,NA,T_092012_031
NA,NA,NA,NA,2012,NA,NA,NA,NA,NA,C12,NA,NA,NA,T_092012_032,NA,2012,2012,C12,NA,T_092012_032
NA,NA,NA,NA,2012,NA,NA,NA,NA,NA,C12,NA,NA,NA,T_092012_033,NA,2012,2012,C12,NA,T_092012_033
NA,NA,NA,NA,2012,NA,NA,NA,NA,NA,C12,NA,NA,NA,T_092012_034,NA,2012,2012,C12,NA,T_092012_034
NA,NA,NA,NA,2012,NA,NA,NA,NA,NA,C12,NA,NA,NA,T_092012_035,NA,2012,2012,C12,NA,T_092012_035
NA,NA,NA,NA,2012,NA,NA,NA,NA,NA,C12,NA,NA,NA,T_092012_036,NA,2012,2012,C12,0,T_092012_036
NA,NA,NA,NA,2013,NA,NA,NA,NA,NA,C13,NA,NA,NA,T_092013_004,NA,2013,2012,C12,1,T_092012_036
NA,NA,NA,NA,2012,NA,NA,NA,NA,NA,C12,NA,NA,NA,T_092012_037,NA,2012,2012,C12,NA,T_092012_037
NA,NA,NA,NA,2012,NA,NA,NA,NA,NA,C12,NA,NA,NA,T_092012_038,NA,2012,2012,C12,NA,T_092012_038
NA,NA,NA,NA,2012,NA,NA,NA,NA,NA,C12,NA,NA,NA,T_092012_039,NA,2012,2012,C12,NA,T_092012_039
NA,NA,NA,NA,2012,NA,NA,NA,NA,NA,C12,NA,NA,NA,T_092012_040,NA,2012,2012,C12,NA,T_092012_040
NA,NA,NA,NA,2012,NA,NA,NA,NA,NA,C12,NA,NA,NA,T_092012_041,NA,2012,2012,C12,NA,T_092012_041
NA,NA,NA,NA,2012,NA,NA,NA,NA,NA,C12,NA,NA,NA,T_092012_044,NA,2012,2012,C12,NA,T_092012_044
NA,NA,NA,NA,2012,NA,NA,NA,NA,NA,C12,NA,NA,NA,T_092012_045,NA,2012,2012,C12,NA,T_092012_045
NA,NA,NA,NA,2012,NA,NA,NA,NA,NA,C12,NA,NA,NA,T_092012_046,NA,2012,2012,C12,NA,T_092012_046
NA,NA,NA,NA,2012,NA,NA,NA,NA,NA,C12,NA,NA,NA,T_092012_047,NA,2012,2012,C12,NA,T_092012_047
NA,NA,NA,NA,2012,NA,NA,NA,NA,NA,C12,NA,NA,NA,T_092012_048,NA,2012,2012,C12,NA,T_092012_048
NA,NA,NA,NA,2012,NA,NA,NA,NA,NA,C12,NA,NA,NA,T_092012_049,NA,2012,2012,C12,NA,T_092012_049
NA,NA,NA,NA,2012,NA,NA,NA,NA,NA,C12,NA,NA,NA,T_092012_050,NA,2012,2012,C12,0,T_092012_050
NA,NA,NA,NA,2013,NA,NA,NA,NA,NA,C13,NA,NA,NA,T_092013_023,NA,2013,2012,C12,1,T_092012_050
NA,NA,NA,NA,2012,NA,NA,NA,NA,NA,C12,NA,NA,NA,T_092012_051,NA,2012,2012,C12,NA,T_092012_051
NA,NA,NA,NA,2012,NA,NA,NA,NA,NA,C12,NA,NA,NA,T_092012_052,NA,2012,2012,C12,NA,T_092012_052
NA,NA,NA,NA,2012,NA,NA,NA,NA,NA,C12,NA,NA,NA,T_092012_053,NA,2012,2012,C12,NA,T_092012_053
NA,NA,NA,NA,2012,NA,NA,NA,NA,NA,C12,NA,NA,NA,T_092012_054,NA,2012,2012,C12,NA,T_092012_054
NA,NA,NA,NA,2012,NA,NA,NA,NA,NA,C12,NA,NA,NA,T_092012_055,NA,2012,2012,C12,NA,T_092012_055
NA,NA,NA,NA,2012,NA,NA,NA,NA,NA,C12,NA,NA,NA,T_092012_056,NA,2012,2012,C12,NA,T_092012_056
NA,NA,NA,NA,2012,NA,NA,NA,NA,NA,C12,NA,NA,NA,T_092012_057,NA,2012,2012,C12,NA,T_092012_057
NA,NA,NA,NA,2012,NA,NA,NA,NA,NA,C12,NA,NA,NA,T_092012_058,NA,2012,2012,C12,NA,T_092012_058
NA,NA,NA,NA,2012,NA,NA,NA,NA,NA,C12,NA,NA,NA,T_092012_059,NA,2012,2012,C12,NA,T_092012_059
NA,NA,NA,NA,2012,NA,NA,NA,NA,NA,C12,NA,NA,NA,T_092012_060,NA,2012,2012,C12,NA,T_092012_060
NA,NA,NA,NA,2012,NA,NA,NA,NA,NA,C12,NA,NA,NA,T_092012_061,NA,2012,2012,C12,NA,T_092012_061
NA,NA,NA,NA,2012,NA,NA,NA,NA,NA,C12,NA,NA,NA,T_092012_062,NA,2012,2012,C12,NA,T_092012_062
NA,NA,NA,NA,2012,NA,NA,NA,NA,NA,C12,NA,NA,NA,T_092012_063,NA,2012,2012,C12,NA,T_092012_063
NA,NA,NA,NA,2013,NA,NA,NA,NA,NA,C13,NA,NA,NA,T_092013_001,NA,2013,2013,C13,NA,T_092013_001
NA,NA,NA,NA,2013,NA,NA,NA,NA,NA,C13,NA,NA,NA,T_092013_002,NA,2013,2013,C13,NA,T_092013_002
NA,NA,NA,NA,2013,NA,NA,NA,NA,NA,C13,NA,NA,NA,T_092013_005,NA,2013,2013,C13,NA,T_092013_005
NA,NA,NA,NA,2013,NA,NA,NA,NA,NA,C13,NA,NA,NA,T_092013_007,NA,2013,2013,C13,NA,T_092013_007
NA,NA,NA,NA,2013,NA,NA,NA,NA,NA,C13,NA,NA,NA,T_092013_008,NA,2013,2013,C13,NA,T_092013_008
NA,NA,NA,NA,2013,NA,NA,NA,NA,NA,C13,NA,NA,NA,T_092013_009,NA,2013,2013,C13,NA,T_092013_009
NA,NA,NA,NA,2013,NA,NA,NA,NA,NA,C13,NA,NA,NA,T_092013_010,NA,2013,2013,C13,NA,T_092013_010
NA,NA,NA,NA,2013,NA,NA,NA,NA,NA,C13,NA,NA,NA,T_092013_011,NA,2013,2013,C13,NA,T_092013_011
NA,NA,NA,NA,2013,NA,NA,NA,NA,NA,C13,NA,NA,NA,T_092013_013,NA,2013,2013,C13,NA,T_092013_013
NA,NA,NA,NA,2013,NA,NA,NA,NA,NA,C13,NA,NA,NA,T_092013_014,NA,2013,2013,C13,NA,T_092013_014
NA,NA,NA,NA,2013,NA,NA,NA,NA,NA,C13,NA,NA,NA,T_092013_015,NA,2013,2013,C13,NA,T_092013_015
NA,NA,NA,NA,2013,NA,NA,NA,NA,NA,C13,NA,NA,NA,T_092013_016,NA,2013,2013,C13,NA,T_092013_016
NA,NA,NA,NA,2013,NA,NA,NA,NA,NA,C13,NA,NA,NA,T_092013_017,NA,2013,2013,C13,NA,T_092013_017
NA,NA,NA,NA,2013,NA,NA,NA,NA,NA,C13,NA,NA,NA,T_092013_018,NA,2013,2013,C13,NA,T_092013_018
NA,NA,NA,NA,2013,NA,NA,NA,NA,NA,C13,NA,NA,NA,T_092013_020,NA,2013,2013,C13,NA,T_092013_020
NA,NA,NA,NA,2013,NA,NA,NA,NA,NA,C13,NA,NA,NA,T_092013_021,NA,2013,2013,C13,NA,T_092013_021
NA,NA,NA,NA,2013,NA,NA,NA,NA,NA,C13,NA,NA,NA,T_092013_022,NA,2013,2013,C13,NA,T_092013_022
NA,NA,NA,NA,2013,NA,NA,NA,NA,NA,C13,NA,NA,NA,T_092013_024,NA,2013,2013,C13,NA,T_092013_024
NA,NA,NA,NA,2014,NA,NA,NA,NA,NA,C14,NA,NA,NA,T_092014_001,NA,2014,2014,C14,NA,T_092014_001
NA,NA,NA,NA,2014,NA,NA,NA,NA,NA,C14,NA,NA,NA,T_092014_002,NA,2014,2014,C14,NA,T_092014_002
NA,NA,NA,NA,2014,NA,NA,NA,NA,NA,C14,NA,NA,NA,T_092014_003,NA,2014,2014,C14,NA,T_092014_003
NA,NA,NA,NA,2014,NA,NA,NA,NA,NA,C14,NA,NA,NA,T_092014_004,NA,2014,2014,C14,NA,T_092014_004
NA,NA,NA,NA,2014,NA,NA,NA,NA,NA,C14,NA,NA,NA,T_092014_005,NA,2014,2014,C14,NA,T_092014_005
NA,NA,NA,NA,2014,NA,NA,NA,NA,NA,C14,NA,NA,NA,T_092014_006,NA,2014,2014,C14,NA,T_092014_006
NA,NA,NA,NA,2014,NA,NA,NA,NA,NA,C14,NA,NA,NA,T_092014_007,NA,2014,2014,C14,NA,T_092014_007
NA,NA,NA,NA,2014,NA,NA,NA,NA,NA,C14,NA,NA,NA,T_092014_008,NA,2014,2014,C14,NA,T_092014_008
NA,NA,NA,NA,2014,NA,NA,NA,NA,NA,C14,NA,NA,NA,T_092014_009,NA,2014,2014,C14,NA,T_092014_009
NA,NA,NA,NA,2014,NA,NA,NA,NA,NA,C14,NA,NA,NA,T_092014_010,NA,2014,2014,C14,NA,T_092014_010
NA,NA,NA,NA,2014,NA,NA,NA,NA,NA,C14,NA,NA,NA,T_092014_011,NA,2014,2014,C14,NA,T_092014_011
28,NA,9/13/06,9,2006,1,1,114,14.2,1,C05,NA,NA,NA,Y2248_1,NA,2005,2005,C05,1,Y2248_1
29,NA,9/13/06,9,2006,1,1,114,14.4,1,C05,NA,1,NA,Y2248_2,NA,2005,2005,C05,1,Y2248_2
76,NA,9/10/07,9,2007,1,1,80,4.8,0,C07,NA,NA,NA,Y2530_1,NA,2007,2007,C07,0,Y2530_1
80,NA,9/10/07,9,2007,1,1,77,4.1,0,C07,NA,NA,NA,Y2530_3,NA,2007,2007,C07,0,Y2530_3
81,NA,9/10/07,9,2007,1,1,78,4.8,0,C07,NA,NA,NA,Y2530_4,NA,2007,2007,C07,0,Y2530_4
85,NA,9/10/07,9,2007,1,1,77,4.3,0,C07,NA,NA,NA,Y2530_8,NA,2007,2007,C07,0,Y2530_8
87,NA,9/10/07,9,2007,1,1,76,3.8,0,C07,NA,NA,NA,Y2531_1,NA,2007,2007,C07,0,Y2531_1
98,NA,9/10/07,9,2007,1,1,79,4.7,0,C07,NA,NA,NA,Y2531_12,NA,2007,2007,C07,0,Y2531_12
88,NA,9/10/07,9,2007,1,1,79,4.5,0,C07,NA,NA,NA,Y2531_2,NA,2007,2007,C07,0,Y2531_2
89,NA,9/10/07,9,2007,1,1,71,3.5,0,C07,NA,NA,NA,Y2531_3,NA,2007,2007,C07,0,Y2531_3
92,NA,9/10/07,9,2007,1,1,69,3,0,C07,NA,NA,NA,Y2531_6,NA,2007,2007,C07,0,Y2531_6
93,NA,9/10/07,9,2007,1,1,83,4.8,0,C07,NA,NA,NA,Y2531_7,NA,2007,2007,C07,0,Y2531_7
94,NA,9/10/07,9,2007,1,1,74,3.3,0,C07,NA,NA,NA,Y2531_8,NA,2007,2007,C07,0,Y2531_8
132,NA,9/10/07,9,2007,1,1,90,5.9,1,C06,NA,NA,NA,Y2532_1,dead,2006,2006,C06,1,Y2532_1
141,NA,9/10/07,9,2007,1,1,78,4.2,0,C07,NA,NA,NA,Y2532_10,NA,2007,2007,C07,0,Y2532_10
143,NA,9/10/07,9,2007,1,1,76,3.4,0,C07,NA,NA,NA,Y2532_12,NA,2007,2007,C07,0,Y2532_12
134,NA,9/10/07,9,2007,1,1,71,3.1,0,C07,NA,NA,NA,Y2532_3,NA,2007,2007,C07,0,Y2532_3
135,NA,9/10/07,9,2007,1,1,64,2.6,0,C07,NA,NA,NA,Y2532_4,NA,2007,2007,C07,0,Y2532_4
136,NA,9/10/07,9,2007,1,1,68,3,0,C07,NA,NA,NA,Y2532_5,NA,2007,2007,C07,0,Y2532_5
137,NA,9/10/07,9,2007,1,1,58,1.8,0,C07,NA,NA,NA,Y2532_6,NA,2007,2007,C07,0,Y2532_6
138,NA,9/10/07,9,2007,1,1,67,2.6,0,C07,NA,NA,NA,Y2532_7,NA,2007,2007,C07,0,Y2532_7
140,NA,9/10/07,9,2007,1,1,65,2.5,0,C07,NA,NA,NA,Y2532_9,NA,2007,2007,C07,0,Y2532_9
145,NA,9/10/07,9,2007,1,1,75,3.7,0,C07,NA,NA,NA,Y2533_2,NA,2007,2007,C07,0,Y2533_2
146,NA,9/10/07,9,2007,1,1,70,3.1,0,C07,NA,NA,NA,Y2533_3,NA,2007,2007,C07,0,Y2533_3
148,NA,9/10/07,9,2007,1,1,75,3.8,0,C07,NA,NA,NA,Y2533_5,NA,2007,2007,C07,0,Y2533_5
149,NA,9/10/07,9,2007,1,1,58,1.9,0,C07,NA,NA,NA,Y2533_6,NA,2007,2007,C07,0,Y2533_6
151,NA,9/10/07,9,2007,1,1,66,2.7,0,C07,NA,NA,NA,Y2533_8,NA,2007,2007,C07,0,Y2533_8
152,NA,9/10/07,9,2007,1,1,60,2.1,0,C07,NA,NA,NA,Y2533_9,NA,2007,2007,C07,0,Y2533_9
162,NA,9/10/07,9,2007,2,1,61,2.2,0,C07,NA,NA,NA,Y2534_2,NA,2007,2007,C07,0,Y2534_2
164,NA,9/10/07,9,2007,2,1,74,3.8,0,C07,NA,NA,NA,Y2534_4,NA,2007,2007,C07,0,Y2534_4
165,NA,9/10/07,9,2007,2,1,68,2.8,0,C07,NA,NA,NA,Y2534_5,NA,2007,2007,C07,0,Y2534_5
166,NA,9/10/07,9,2007,2,1,91,6.4,1,C06,NA,NA,NA,Y2534_6,NA,2006,2006,C06,1,Y2534_6
167,NA,9/10/07,9,2007,2,1,79,3.9,0,C07,NA,NA,NA,Y2534_7,NA,2007,2007,C07,0,Y2534_7
554,NA,9/10/12,9,2012,1,1,76,4.3,0,C12,NA,NA,NA,bottle,NA,2012,2012,C12,0,bottle
558,NA,9/10/12,9,2012,1,1,62,2,0,C12,NA,NA,NA,bottle,NA,2012,2012,C12,0,bottle
561,NA,9/10/12,9,2012,1,1,108,11.1,1,C11,NA,NA,NA,bottle,NA,2011,2011,C11,1,bottle
563,NA,9/10/12,9,2012,1,1,51,1.2,0,C12,NA,NA,NA,bottle,NA,2012,2012,C12,0,bottle
569,NA,9/10/12,9,2012,1,1,60,2,0,C11,NA,NA,NA,bottle,NA,2011,2011,C11,0,bottle
573,NA,9/10/12,9,2012,1,1,61,2,0,C12,NA,NA,NA,bottle,NA,2012,2012,C12,0,bottle
577,NA,9/10/12,9,2012,1,1,70,3.3,0,C12,NA,NA,NA,bottle,NA,2012,2012,C12,0,bottle
579,NA,9/10/12,9,2012,1,1,69,3.1,0,C12,NA,NA,NA,bottle,NA,2012,2012,C12,0,bottle
583,NA,9/10/12,9,2012,1,1,65,2.6,0,C12,NA,NA,NA,bottle,NA,2012,2012,C12,0,bottle
587,NA,9/10/12,9,2012,1,1,62,2.6,0,C12,NA,NA,NA,bottle,NA,2012,2012,C12,0,bottle
591,NA,9/10/12,9,2012,1,1,55,1.5,0,C12,NA,NA,NA,bottle,NA,2012,2012,C12,0,bottle
592,NA,9/10/12,9,2012,1,1,62,2.1,0,C12,NA,NA,NA,bottle,NA,2012,2012,C12,0,bottle
595,NA,9/10/12,9,2012,1,1,74,3.5,0,C12,NA,NA,NA,bottle,NA,2012,2012,C12,0,bottle
598,NA,9/10/12,9,2012,1,1,71,3.2,0,C12,NA,NA,NA,bottle,NA,2012,2012,C12,0,bottle
600,NA,9/10/12,9,2012,1,1,67,3.1,0,C12,NA,NA,NA,bottle,NA,2012,2012,C12,0,bottle
602,NA,9/10/12,9,2012,1,1,55,1.5,0,C12,NA,NA,NA,bottle,NA,2012,2012,C12,0,bottle
608,NA,9/10/12,9,2012,1,1,70,2.5,0,C12,NA,NA,NA,bottle,NA,2012,2012,C12,0,bottle
609,NA,9/10/12,9,2012,1,1,54,1.4,0,C12,NA,NA,NA,bottle,NA,2012,2012,C12,0,bottle
612,NA,9/10/12,9,2012,1,1,106,10.5,1,C11,NA,NA,NA,bottle,NA,2011,2011,C11,1,bottle
617,NA,9/10/12,9,2012,1,1,65,2.4,0,C12,NA,NA,NA,bottle,NA,2012,2012,C12,0,bottle
618,NA,9/10/12,9,2012,1,1,61,1.9,0,C12,NA,NA,NA,bottle,NA,2012,2012,C12,0,bottle
620,NA,9/10/12,9,2012,1,1,70,3,0,C12,NA,NA,NA,bottle,NA,2012,2012,C12,0,bottle
622,NA,9/10/12,9,2012,1,1,52,1.1,0,C12,NA,NA,NA,bottle,NA,2012,2012,C12,0,bottle
623,NA,9/10/12,9,2012,1,1,63,2.3,0,C12,NA,NA,NA,bottle,NA,2012,2012,C12,0,bottle
625,NA,9/10/12,9,2012,1,1,111,12.2,1,C11,NA,NA,NA,bottle,NA,2011,2011,C11,1,bottle
627,NA,9/10/12,9,2012,1,1,103,9.7,1,C11,NA,NA,NA,bottle,NA,2011,2011,C11,1,bottle
629,NA,9/10/12,9,2012,1,1,66,2.6,0,C12,NA,NA,NA,bottle,NA,2012,2012,C12,0,bottle
634,NA,9/10/12,9,2012,1,1,103,11.1,1,C11,NA,NA,NA,bottle,NA,2011,2011,C11,1,bottle
641,NA,9/10/12,9,2012,1,1,74,3.8,0,C12,NA,NA,NA,bottle,NA,2012,2012,C12,0,bottle
643,NA,9/10/12,9,2012,1,1,103,9.7,1,C11,NA,NA,NA,bottle,NA,2011,2011,C11,1,bottle
646,NA,9/10/12,9,2012,1,1,108,11,1,C11,NA,NA,NA,bottle,NA,2011,2011,C11,1,bottle
647,NA,9/10/12,9,2012,1,1,63,2.8,0,C12,NA,NA,NA,bottle,NA,2012,2012,C12,0,bottle
651,NA,9/10/12,9,2012,1,1,70,2.5,0,C12,NA,NA,NA,bottle,NA,2012,2012,C12,0,bottle
652,NA,9/10/12,9,2012,1,1,58,1.7,0,C12,NA,NA,NA,bottle,NA,2012,2012,C12,0,bottle
656,NA,9/10/12,9,2012,1,1,57,1.7,0,C12,NA,NA,NA,bottle,NA,2012,2012,C12,0,bottle
657,NA,9/10/12,9,2012,1,1,74,3.8,0,C12,NA,NA,NA,bottle,NA,2012,2012,C12,0,bottle
660,NA,9/10/12,9,2012,1,1,63,2.4,0,C12,NA,NA,NA,bottle,NA,2012,2012,C12,0,bottle
662,NA,9/10/12,9,2012,1,1,74,3.9,0,C12,NA,NA,NA,bottle,NA,2012,2012,C12,0,bottle
663,NA,9/10/12,9,2012,1,1,68,2.6,0,C12,NA,NA,NA,bottle,NA,2012,2012,C12,0,bottle
670,NA,9/10/12,9,2012,1,1,106,10.8,1,C11,NA,NA,NA,bottle,NA,2011,2011,C11,1,bottle
671,NA,9/10/12,9,2012,1,1,64,2.7,0,C12,NA,NA,NA,bottle,NA,2012,2012,C12,0,bottle
673,NA,9/10/12,9,2012,1,1,48,1.1,0,C12,NA,NA,NA,bottle,NA,2012,2012,C12,0,bottle
675,NA,9/10/12,9,2012,1,1,113,13.1,1,C11,NA,NA,NA,bottle,NA,2011,2011,C11,1,bottle
676,NA,9/10/12,9,2012,1,1,59,2,0,C12,NA,NA,NA,bottle,NA,2012,2012,C12,0,bottle
677,NA,9/10/12,9,2012,1,1,49,0.9,0,C12,NA,NA,NA,bottle,NA,2012,2012,C12,0,bottle
678,NA,9/10/12,9,2012,1,1,65,2.6,0,C12,NA,NA,NA,bottle,NA,2012,2012,C12,0,bottle
682,NA,9/10/12,9,2012,1,1,64,2.4,0,C12,NA,NA,NA,bottle,NA,2012,2012,C12,0,bottle
683,NA,9/10/12,9,2012,1,1,64,2.5,0,C12,NA,NA,NA,bottle,NA,2012,2012,C12,0,bottle
685,NA,9/10/12,9,2012,1,1,68,3,0,C12,NA,NA,NA,bottle,NA,2012,2012,C12,0,bottle
686,NA,9/10/12,9,2012,1,1,63,2.4,0,C12,NA,NA,NA,bottle,NA,2012,2012,C12,0,bottle
687,NA,9/10/12,9,2012,1,1,62,2,0,C12,NA,NA,NA,bottle,NA,2012,2012,C12,0,bottle
688,NA,9/10/12,9,2012,1,1,71,3.3,0,C12,NA,NA,NA,bottle,NA,2012,2012,C12,0,bottle
694,NA,9/10/12,9,2012,2,1,66,2.9,0,C12,NA,NA,NA,bottle,NA,2012,2012,C12,0,bottle
695,NA,9/10/12,9,2012,2,1,73,3.6,0,C12,NA,NA,NA,bottle,NA,2012,2012,C12,0,bottle
698,NA,9/10/12,9,2012,2,1,63,2.6,0,C12,NA,NA,NA,bottle,NA,2012,2012,C12,0,bottle
699,NA,9/10/12,9,2012,2,1,70,3.2,0,C12,NA,NA,NA,bottle,NA,2012,2012,C12,0,bottle
702,NA,9/10/12,9,2012,2,1,96,8,1,C11,NA,NA,NA,bottle,NA,2011,2011,C11,1,bottle
703,NA,9/10/12,9,2012,2,1,69,3,0,C12,NA,NA,NA,bottle,NA,2012,2012,C12,0,bottle
704,NA,9/10/12,9,2012,2,1,65,2.6,0,C12,NA,NA,NA,bottle,NA,2012,2012,C12,0,bottle
706,NA,9/10/12,9,2012,2,1,102,9.5,1,C11,NA,NA,NA,bottle,NA,2011,2011,C11,1,bottle
707,NA,9/10/12,9,2012,2,1,72,3.1,0,C12,NA,NA,NA,bottle,NA,2012,2012,C12,0,bottle
708,NA,9/10/12,9,2012,2,1,66,2.7,0,C12,NA,NA,NA,bottle,NA,2012,2012,C12,0,bottle
709,NA,9/10/12,9,2012,2,1,60,2,0,C12,NA,NA,NA,bottle,NA,2012,2012,C12,0,bottle
710,NA,9/10/12,9,2012,2,1,68,2.6,0,C12,NA,NA,NA,bottle,NA,2012,2012,C12,0,bottle
711,NA,9/10/12,9,2012,2,1,54,1.4,0,C12,NA,NA,NA,bottle,NA,2012,2012,C12,0,bottle
792,NA,9/18/13,9,2013,1,1,114,13.4,1,C12,NA,NA,NA,bottle,NA,2012,2012,C12,1,bottle
796,NA,9/18/13,9,2013,1,1,113,13.8,1,C12,NA,NA,NA,bottle,NA,2012,2012,C12,1,bottle
797,NA,9/18/13,9,2013,1,1,112,13,1,C12,NA,NA,NA,bottle,NA,2012,2012,C12,1,bottle
798,NA,9/18/13,9,2013,1,1,108,11.6,1,C12,NA,1,NA,bottle,NA,2012,2012,C12,1,bottle
799,NA,9/18/13,9,2013,1,1,107,11.3,1,C12,NA,NA,NA,bottle,NA,2012,2012,C12,1,bottle
829,NA,9/2/14,9,2014,1,1,78,4.8,0,C14,NA,NA,NA,bottle,NA,2014,2014,C14,0,bottle
859,NA,9/2/14,9,2014,1,1,109,12.4,1,C13,NA,NA,NA,bottle,NA,2013,2013,C13,1,bottle
860,NA,9/2/14,9,2014,1,1,69,3.1,0,C14,NA,NA,NA,bottle,NA,2014,2014,C14,0,bottle
861,NA,9/2/14,9,2014,1,1,72,3.3,0,C14,NA,NA,NA,bottle,NA,2014,2014,C14,0,bottle
862,NA,9/2/14,9,2014,1,1,73,3.5,0,C14,NA,NA,NA,bottle,NA,2014,2014,C14,0,bottle
863,NA,9/2/14,9,2014,1,1,64,2.8,0,C14,NA,NA,NA,bottle,NA,2014,2014,C14,0,bottle
879,NA,9/2/14,9,2014,1,1,73,3.9,0,C14,NA,NA,NA,bottle,NA,2014,2014,C14,0,bottle
887,NA,9/2/14,9,2014,2,1,111,14.2,1,C13,NA,NA,NA,bottle,NA,2013,2013,C13,1,bottle
888,NA,9/2/14,9,2014,2,1,59,2.1,0,C14,NA,NA,NA,bottle,NA,2014,2014,C14,0,bottle
889,NA,9/2/14,9,2014,2,1,78,4.5,0,C14,NA,NA,NA,bottle,NA,2014,2014,C14,0,bottle
890,NA,9/2/14,9,2014,2,1,67,3,0,C14,NA,NA,NA,bottle,NA,2014,2014,C14,0,bottle
601,2580,9/10/12,9,2012,1,1,256,185.1,5,C07,NA,NA,NA,fishinside,NA,2007,2006,C06,6,fishinside
425,1975,9/13/10,9,2010,1,1,285,190,10,C00,NA,NA,NA,snakelike,NA,2000,2000,C00,10,snakelike
419,1978,9/13/10,9,2010,1,1,316,247,10,C00,NA,NA,NA,snakelike,NA,2000,2000,C00,10,snakelike
186,NA,9/15/08,9,2008,1,1,69,2,0,C08,NA,NA,NA,NA,NA,2008,2008,C08,0,NA
187,NA,9/15/08,9,2008,1,1,75,3.8,0,C08,NA,NA,NA,NA,NA,2008,2008,C08,0,NA
188,NA,9/15/08,9,2008,1,1,73,3.5,0,C08,NA,NA,NA,NA,NA,2008,2008,C08,0,NA
189,NA,9/15/08,9,2008,1,1,73,3.5,0,C08,NA,NA,NA,NA,NA,2008,2008,C08,0,NA
190,NA,9/15/08,9,2008,1,1,69,3.2,0,C08,NA,NA,NA,NA,NA,2008,2008,C08,0,NA
191,NA,9/15/08,9,2008,1,1,65,2.8,0,C08,NA,NA,NA,NA,NA,2008,2008,C08,0,NA
192,NA,9/15/08,9,2008,1,1,76,4.2,0,C08,NA,NA,NA,NA,NA,2008,2008,C08,0,NA
217,NA,9/15/08,9,2008,1,1,148,29.8,1,C07,NA,NA,NA,NA,NA,2007,2007,C07,1,NA
218,NA,9/15/08,9,2008,1,1,110,12.1,1,C07,NA,NA,NA,NA,NA,2007,2007,C07,1,NA
219,NA,9/15/08,9,2008,1,1,110,11.7,1,C07,NA,NA,NA,NA,NA,2007,2007,C07,1,NA
220,NA,9/15/08,9,2008,1,1,105,10.5,1,C07,NA,NA,NA,NA,NA,2007,2007,C07,1,NA
221,NA,9/15/08,9,2008,1,1,77,4.2,0,C08,NA,NA,NA,NA,NA,2008,2008,C08,0,NA
222,NA,9/15/08,9,2008,1,1,100,9.2,1,C07,NA,NA,NA,NA,NA,2007,2007,C07,1,NA
223,NA,9/15/08,9,2008,1,1,68,2.8,0,C08,NA,NA,NA,NA,NA,2008,2008,C08,0,NA
224,NA,9/15/08,9,2008,1,1,70,3,0,C08,NA,NA,NA,NA,NA,2008,2008,C08,0,NA
225,NA,9/15/08,9,2008,1,1,78,4.6,0,C08,NA,NA,NA,NA,NA,2008,2008,C08,0,NA
226,NA,9/15/08,9,2008,1,1,70,3.2,0,C08,NA,NA,NA,NA,NA,2008,2008,C08,0,NA
227,NA,9/15/08,9,2008,1,1,69,3.1,0,C08,NA,NA,NA,NA,NA,2008,2008,C08,0,NA
228,NA,9/15/08,9,2008,1,1,63,2.3,0,C08,NA,NA,NA,NA,NA,2008,2008,C08,0,NA
229,NA,9/15/08,9,2008,1,1,64,2.4,0,C08,NA,NA,NA,NA,NA,2008,2008,C08,0,NA
230,NA,9/15/08,9,2008,1,1,67,3,0,C08,NA,NA,NA,NA,NA,2008,2008,C08,0,NA
231,NA,9/15/08,9,2008,1,1,70,2.8,0,C08,NA,NA,NA,NA,NA,2008,2008,C08,0,NA
232,NA,9/15/08,9,2008,1,1,71,3.2,0,C08,NA,NA,NA,NA,NA,2008,2008,C08,0,NA
233,NA,9/15/08,9,2008,1,1,78,4.4,0,C08,NA,NA,NA,NA,NA,2008,2008,C08,0,NA
234,NA,9/15/08,9,2008,1,1,68,3,0,C08,NA,NA,NA,NA,NA,2008,2008,C08,0,NA
235,NA,9/15/08,9,2008,1,1,65,2.7,0,C08,NA,NA,NA,NA,NA,2008,2008,C08,0,NA
236,NA,9/15/08,9,2008,1,1,63,2.3,0,C08,NA,NA,NA,NA,NA,2008,2008,C08,0,NA
260,NA,9/15/08,9,2008,1,1,77,4.4,0,C08,NA,NA,NA,NA,NA,2008,2008,C08,0,NA
261,NA,9/15/08,9,2008,1,1,74,3.6,0,C08,NA,NA,NA,NA,NA,2008,2008,C08,0,NA
262,NA,9/15/08,9,2008,1,1,67,2.7,0,C08,NA,NA,NA,NA,NA,2008,2008,C08,0,NA
263,NA,9/15/08,9,2008,1,1,59,2,0,C08,NA,NA,NA,NA,NA,2008,2008,C08,0,NA
264,NA,9/15/08,9,2008,1,1,73,3.4,0,C08,NA,NA,NA,NA,NA,2008,2008,C08,0,NA
273,NA,9/15/08,9,2008,2,1,113,13,1,C07,NA,NA,NA,NA,NA,2007,2007,C07,1,NA
274,NA,9/15/08,9,2008,2,1,68,3,0,C08,NA,NA,NA,NA,NA,2008,2008,C08,0,NA
275,NA,9/15/08,9,2008,2,1,71,3.3,0,C08,NA,NA,NA,NA,NA,2008,2008,C08,0,NA
276,NA,9/15/08,9,2008,2,1,70,3.2,0,C08,NA,NA,NA,NA,NA,2008,2008,C08,0,NA
277,NA,9/15/08,9,2008,2,1,67,2.9,0,C08,NA,NA,NA,NA,NA,2008,2008,C08,0,NA
278,NA,9/15/08,9,2008,2,1,64,2.3,0,C08,NA,NA,NA,NA,NA,2008,2008,C08,0,NA
279,NA,9/15/08,9,2008,2,1,68,3,0,C08,NA,NA,NA,NA,NA,2008,2008,C08,0,NA
280,NA,9/15/08,9,2008,2,1,66,2.7,0,C08,NA,NA,NA,NA,NA,2008,2008,C08,0,NA
281,NA,9/15/08,9,2008,2,1,66,2.8,0,C08,NA,NA,NA,NA,NA,2008,2008,C08,0,NA
282,NA,9/15/08,9,2008,2,1,67,3,0,C08,NA,NA,NA,NA,NA,2008,2008,C08,0,NA
283,NA,9/15/08,9,2008,2,1,68,3,0,C08,NA,NA,NA,NA,NA,2008,2008,C08,0,NA
284,NA,9/15/08,9,2008,2,1,57,1.7,0,C08,NA,NA,NA,NA,NA,2008,2008,C08,0,NA
285,NA,9/15/08,9,2008,2,1,72,3.3,0,C08,NA,NA,NA,NA,NA,2008,2008,C08,0,NA
286,NA,9/15/08,9,2008,2,1,73,3.6,0,C08,NA,NA,NA,NA,NA,2008,2008,C08,0,NA
314,NA,9/9/09,9,2009,1,1,111,13,1,C08,NA,NA,NA,NA,NA,2008,2008,C08,1,NA
315,NA,9/9/09,9,2009,1,1,113,13,1,C08,NA,NA,NA,NA,NA,2008,2008,C08,1,NA
316,NA,9/9/09,9,2009,1,1,108,12,1,C08,NA,NA,NA,NA,NA,2008,2008,C08,1,NA
319,NA,9/9/09,9,2009,1,1,112,14,1,C08,NA,NA,NA,NA,NA,2008,2008,C08,1,NA
320,NA,9/9/09,9,2009,1,1,103,10,1,C08,NA,NA,NA,NA,NA,2008,2008,C08,1,NA
321,NA,9/9/09,9,2009,1,1,109,11,1,C08,NA,NA,NA,NA,NA,2008,2008,C08,1,NA
322,NA,9/9/09,9,2009,1,1,103,10,1,C08,NA,NA,NA,NA,NA,2008,2008,C08,1,NA
323,NA,9/9/09,9,2009,1,1,67,2.8,0,C09,NA,NA,NA,NA,NA,2009,2009,C09,0,NA
358,NA,9/9/09,9,2009,1,1,107,12,1,C08,NA,NA,NA,NA,NA,2008,2008,C08,1,NA
361,NA,9/9/09,9,2009,1,1,109,12,1,C08,NA,NA,NA,NA,NA,2008,2008,C08,1,NA
362,NA,9/9/09,9,2009,1,1,97,8,1,C08,NA,NA,NA,NA,NA,2008,2008,C08,1,NA
363,NA,9/9/09,9,2009,1,1,62,2.4,0,C09,NA,NA,NA,NA,NA,2009,2009,C09,0,NA
364,NA,9/9/09,9,2009,1,1,69,3.2,0,C09,NA,NA,NA,NA,NA,2009,2009,C09,0,NA
376,NA,9/9/09,9,2009,2,1,102,10,1,C08,NA,NA,NA,NA,NA,2008,2008,C08,1,NA
377,NA,9/9/09,9,2009,2,1,57,1.7,0,C09,NA,NA,NA,NA,NA,2009,2009,C09,0,NA
378,NA,9/9/09,9,2009,2,1,69,3.4,0,C09,NA,NA,NA,NA,NA,2009,2009,C09,0,NA
391,NA,9/13/10,9,2010,1,1,73,3.5,0,C10,NA,NA,NA,NA,NA,2010,2010,C10,0,NA
392,NA,9/13/10,9,2010,1,1,73,3.8,0,C10,NA,NA,NA,NA,NA,2010,2010,C10,0,NA
393,NA,9/13/10,9,2010,1,1,79,4.7,0,C10,NA,NA,NA,NA,NA,2010,2010,C10,0,NA
410,NA,9/13/10,9,2010,1,1,69,3,0,C10,NA,NA,NA,NA,NA,2010,2010,C10,0,NA
411,NA,9/13/10,9,2010,1,1,72,3.3,0,C10,NA,NA,NA,NA,NA,2010,2010,C10,0,NA
412,NA,9/13/10,9,2010,1,1,72,3.4,0,C10,NA,NA,NA,NA,NA,2010,2010,C10,0,NA
413,NA,9/13/10,9,2010,1,1,75,3.9,0,C10,NA,NA,NA,NA,NA,2010,2010,C10,0,NA
414,NA,9/13/10,9,2010,1,1,74,4,0,C10,NA,NA,NA,NA,NA,2010,2010,C10,0,NA
449,NA,9/13/10,9,2010,2,1,68,2.9,0,C10,NA,NA,NA,NA,NA,2010,2010,C10,0,NA
460,NA,9/14/11,9,2011,1,1,65,2.5,0,C11,NA,NA,NA,NA,NA,2011,2011,C11,0,NA
461,NA,9/14/11,9,2011,1,1,79,4.5,0,C11,NA,NA,NA,NA,NA,2011,2011,C11,0,NA
462,NA,9/14/11,9,2011,1,1,80,4.5,0,C11,NA,NA,NA,NA,NA,2011,2011,C11,0,NA
463,NA,9/14/11,9,2011,1,1,77,4.2,0,C11,NA,NA,NA,NA,NA,2011,2011,C11,0,NA
464,NA,9/14/11,9,2011,1,1,82,5.1,0,C11,NA,NA,NA,NA,NA,2011,2011,C11,0,NA
465,NA,9/14/11,9,2011,1,1,68,3,0,C11,NA,NA,NA,NA,NA,2011,2011,C11,0,NA
466,NA,9/14/11,9,2011,1,1,77,4.4,0,C11,NA,NA,NA,NA,NA,2011,2011,C11,0,NA
467,NA,9/14/11,9,2011,1,1,79,4.7,0,C11,NA,NA,NA,NA,NA,2011,2011,C11,0,NA
468,NA,9/14/11,9,2011,1,1,60,2.1,0,C11,NA,NA,NA,NA,NA,2011,2011,C11,0,NA
469,NA,9/14/11,9,2011,1,1,72,3.7,0,C11,NA,NA,NA,NA,NA,2011,2011,C11,0,NA
470,NA,9/14/11,9,2011,1,1,76,4.3,0,C11,NA,NA,NA,NA,NA,2011,2011,C11,0,NA
471,NA,9/14/11,9,2011,1,1,76,4,0,C11,NA,NA,NA,NA,NA,2011,2011,C11,0,NA
472,NA,9/14/11,9,2011,1,1,66,2.7,0,C11,NA,NA,NA,NA,NA,2011,2011,C11,0,NA
473,NA,9/14/11,9,2011,1,1,65,2.5,0,C11,NA,NA,NA,NA,NA,2011,2011,C11,0,NA
474,NA,9/14/11,9,2011,1,1,80,4.6,0,C11,NA,NA,NA,NA,NA,2011,2011,C11,0,NA
475,NA,9/14/11,9,2011,1,1,75,3.9,0,C11,NA,NA,NA,NA,NA,2011,2011,C11,0,NA
476,NA,9/14/11,9,2011,1,1,80,4.8,0,C11,NA,NA,NA,NA,NA,2011,2011,C11,0,NA
477,NA,9/14/11,9,2011,1,1,76,4.2,0,C11,NA,NA,NA,NA,NA,2011,2011,C11,0,NA
478,NA,9/14/11,9,2011,1,1,78,4.5,0,C11,NA,NA,NA,NA,NA,2011,2011,C11,0,NA
479,NA,9/14/11,9,2011,1,1,69,3.1,0,C11,NA,NA,NA,NA,NA,2011,2011,C11,0,NA
480,NA,9/14/11,9,2011,1,1,70,3.4,0,C11,NA,NA,NA,NA,NA,2011,2011,C11,0,NA
492,NA,9/14/11,9,2011,1,1,81,5,0,C11,NA,NA,NA,NA,NA,2011,2011,C11,0,NA
493,NA,9/14/11,9,2011,1,1,82,5.1,0,C11,NA,NA,NA,NA,NA,2011,2011,C11,0,NA
494,NA,9/14/11,9,2011,1,1,70,3.1,0,C11,NA,NA,NA,NA,NA,2011,2011,C11,0,NA
495,NA,9/14/11,9,2011,1,1,78,4.4,0,C11,NA,NA,NA,NA,NA,2011,2011,C11,0,NA
496,NA,9/14/11,9,2011,1,1,73,3.5,0,C11,NA,NA,NA,NA,NA,2011,2011,C11,0,NA
497,NA,9/14/11,9,2011,1,1,63,2.4,0,C11,NA,NA,NA,NA,NA,2011,2011,C11,0,NA
498,NA,9/14/11,9,2011,1,1,74,3.7,0,C11,NA,NA,NA,NA,NA,2011,2011,C11,0,NA
499,NA,9/14/11,9,2011,1,1,86,5.9,0,C11,NA,NA,NA,NA,NA,2011,2011,C11,0,NA
500,NA,9/14/11,9,2011,1,1,79,4.8,0,C11,NA,NA,NA,NA,NA,2011,2011,C11,0,NA
504,NA,9/14/11,9,2011,1,1,75,4.1,0,C11,NA,NA,NA,NA,NA,2011,2011,C11,0,NA
519,NA,9/14/11,9,2011,1,1,58,1.7,0,C11,NA,NA,NA,NA,NA,2011,2011,C11,0,NA
520,NA,9/14/11,9,2011,1,1,76,4.4,0,C11,NA,NA,NA,NA,NA,2011,2011,C11,0,NA
521,NA,9/14/11,9,2011,1,1,67,3,0,C11,NA,NA,NA,NA,NA,2011,2011,C11,0,NA
522,NA,9/14/11,9,2011,1,1,72,3.7,0,C11,NA,NA,NA,NA,NA,2011,2011,C11,0,NA
523,NA,9/14/11,9,2011,1,1,81,4.8,0,C11,NA,NA,NA,NA,NA,2011,2011,C11,0,NA
524,NA,9/14/11,9,2011,1,1,73,3.8,0,C11,NA,NA,NA,NA,NA,2011,2011,C11,0,NA
525,NA,9/14/11,9,2011,1,1,67,2.6,0,C11,NA,NA,NA,NA,NA,2011,2011,C11,0,NA
526,NA,9/14/11,9,2011,1,1,69,3,0,C11,NA,NA,NA,NA,NA,2011,2011,C11,0,NA
527,NA,9/14/11,9,2011,1,1,66,2.7,0,C11,NA,NA,NA,NA,NA,2011,2011,C11,0,NA
528,NA,9/14/11,9,2011,1,1,69,3,0,C11,NA,NA,NA,NA,NA,2011,2011,C11,0,NA
529,NA,9/14/11,9,2011,1,1,69,3.3,0,C11,NA,NA,NA,NA,NA,2011,2011,C11,0,NA
530,NA,9/14/11,9,2011,1,1,76,4.4,0,C11,NA,NA,NA,NA,NA,2011,2011,C11,0,NA
531,NA,9/14/11,9,2011,1,1,67,3,0,C11,NA,NA,NA,NA,NA,2011,2011,C11,0,NA
532,NA,9/14/11,9,2011,1,1,77,4.4,0,C11,NA,NA,NA,NA,NA,2011,2011,C11,0,NA
533,NA,9/14/11,9,2011,2,1,78,5,0,C11,NA,NA,NA,NA,NA,2011,2011,C11,0,NA
534,NA,9/14/11,9,2011,2,1,70,3.3,0,C11,NA,NA,NA,NA,NA,2011,2011,C11,0,NA
535,NA,9/14/11,9,2011,2,1,77,4.3,0,C11,NA,NA,NA,NA,NA,2011,2011,C11,0,NA
536,NA,9/14/11,9,2011,2,1,80,4.8,0,C11,NA,NA,NA,NA,NA,2011,2011,C11,0,NA
537,NA,9/14/11,9,2011,2,1,78,4.2,0,C11,NA,NA,NA,NA,NA,2011,2011,C11,0,NA
538,NA,9/14/11,9,2011,2,1,64,2.7,0,C11,NA,NA,NA,NA,NA,2011,2011,C11,0,NA
539,NA,9/14/11,9,2011,2,1,79,4.9,0,C11,NA,NA,NA,NA,NA,2011,2011,C11,0,NA
540,NA,9/14/11,9,2011,2,1,70,3.3,0,C11,NA,NA,NA,NA,NA,2011,2011,C11,0,NA
541,NA,9/14/11,9,2011,2,1,80,4.7,0,C11,NA,NA,NA,NA,NA,2011,2011,C11,0,NA
542,NA,9/14/11,9,2011,2,1,66,2.6,0,C11,NA,NA,NA,NA,NA,2011,2011,C11,0,NA
543,NA,9/14/11,9,2011,2,1,66,2.9,0,C11,NA,NA,NA,NA,NA,2011,2011,C11,0,NA
544,NA,9/14/11,9,2011,2,1,68,2.7,0,C11,NA,NA,NA,NA,NA,2011,2011,C11,0,NA
545,NA,9/14/11,9,2011,2,1,69,2.9,0,C11,NA,NA,NA,NA,NA,2011,2011,C11,0,NA
546,NA,9/14/11,9,2011,2,1,70,3.5,0,C11,NA,NA,NA,NA,NA,2011,2011,C11,0,NA
547,NA,9/14/11,9,2011,2,1,68,3,0,C11,NA,NA,NA,NA,NA,2011,2011,C11,0,NA
812,NA,9/18/13,9,2013,2,1,102,9.9,1,C12,NA,1,NA,NA,NA,2012,2012,C12,1,NA
813,NA,9/18/13,9,2013,2,1,103,10.3,1,C12,NA,NA,NA,NA,NA,2012,2012,C12,1,NA
